"id","mom","dad","age","sex","allele1","allele2","","","","","","","","","","","","","","","","","","","",""
1,0,0,2,0,0,1,1,1,1,1,0,1,1,1,0,0,1,1,0,0,1,1,0,1,0,0
2,0,0,-1,1,0,1,0,0,0,0,0,1,0,0,0,0,0,0,0,0,0,1,1,1,0,0
3,0,0,2,0,0,0,1,1,0,1,1,1,1,1,1,1,0,0,0,0,0,1,0,1,1,1
4,0,0,1,1,1,0,1,1,1,1,0,1,0,1,1,1,0,0,0,0,1,1,0,1,0,1
5,0,0,-1,0,0,1,0,1,1,1,0,1,0,0,0,0,0,0,0,0,0,1,0,1,1,1
6,0,0,0,1,1,1,0,1,1,1,0,1,1,1,0,0,0,0,0,0,0,0,0,1,1,1
7,0,0,2,0,0,0,0,1,0,0,1,1,0,1,1,1,1,1,0,0,0,1,0,1,0,0
8,0,0,-1,0,0,0,0,1,1,1,0,1,1,1,1,1,1,1,0,0,0,1,0,1,0,0
9,0,0,-1,1,0,1,0,1,0,1,0,1,0,0,0,0,0,0,0,0,1,1,0,1,0,0
10,0,0,2,0,0,0,1,1,0,1,0,1,1,1,0,0,0,0,0,0,1,1,0,1,0,1
11,0,0,0,0,1,0,0,1,0,1,0,1,0,1,0,0,0,0,0,0,1,1,0,1,1,1
12,0,0,2,1,1,0,0,1,1,1,0,1,0,0,0,0,0,0,0,0,1,1,0,1,1,1
13,0,0,2,0,1,1,1,1,0,1,0,1,1,1,0,0,0,0,0,0,0,0,0,1,0,0
14,0,0,0,1,0,1,0,1,0,0,0,1,0,1,1,1,1,1,0,0,1,1,1,1,1,1
15,0,0,-1,0,0,0,0,1,0,1,0,1,1,1,1,1,0,0,0,0,0,0,0,1,0,0
16,0,0,2,0,0,1,0,1,0,1,0,1,0,1,1,1,0,0,0,0,0,1,1,1,1,1
17,0,0,-1,0,1,0,0,1,1,1,1,1,0,1,0,0,0,0,0,0,1,1,0,1,0,1
18,0,0,2,1,1,1,1,1,0,1,0,1,0,0,0,0,0,0,0,0,0,1,0,1,0,0
19,0,0,2,1,0,0,0,1,0,0,0,1,0,0,0,0,0,0,0,0,0,0,0,1,0,0
20,0,0,1,1,1,1,0,1,0,1,0,1,0,1,0,0,0,0,0,0,1,1,0,1,0,0
21,0,0,-1,0,0,1,1,1,1,1,0,1,0,1,1,1,0,0,0,0,1,1,0,1,1,1
22,0,0,-1,1,1,0,1,1,0,1,0,1,1,1,0,0,0,0,0,0,1,1,0,1,0,0
23,0,0,-1,0,0,1,0,1,0,1,0,1,1,1,1,1,0,0,0,0,0,0,0,1,0,0
24,0,0,1,0,0,1,0,1,1,1,1,1,1,1,1,1,0,0,0,0,1,1,1,1,1,1
25,0,0,1,1,1,0,1,1,0,1,1,1,1,1,1,1,1,1,0,0,1,1,0,1,1,1
26,0,0,-1,1,1,0,0,1,0,1,1,1,1,1,0,0,1,1,0,0,1,1,0,1,1,1
27,0,0,1,0,1,0,1,1,1,1,0,1,0,1,0,0,1,1,0,0,0,1,0,1,0,0
28,0,0,0,0,1,1,1,1,0,1,0,1,1,1,1,1,0,0,0,0,1,1,0,1,0,1
29,0,0,0,0,1,0,1,1,0,0,0,1,1,1,0,0,1,1,0,0,1,1,0,1,0,0
30,0,0,2,1,0,1,0,1,0,1,0,1,0,1,1,1,0,0,0,0,1,1,1,1,0,0
31,0,0,2,0,0,1,1,1,0,1,0,1,0,1,1,1,0,0,0,0,0,0,0,1,1,1
32,0,0,1,1,0,1,0,1,0,1,0,1,0,1,0,0,1,1,0,0,0,1,0,1,1,1
33,0,0,0,0,0,1,0,1,1,1,0,1,0,0,1,1,0,0,0,0,1,1,0,1,0,1
34,0,0,-1,0,1,1,1,1,0,1,1,1,1,1,1,1,1,1,0,0,1,1,0,1,1,1
35,0,0,-1,0,1,1,0,1,0,1,0,1,0,1,1,1,1,1,0,0,0,1,0,1,0,0
36,0,0,2,0,0,1,0,1,0,1,0,1,1,1,1,1,0,0,0,0,1,1,1,1,1,1
37,0,0,0,0,0,0,0,1,1,1,0,1,1,1,0,1,1,1,0,0,0,1,0,1,1,1
38,0,0,2,0,0,0,0,0,0,1,0,1,0,1,0,0,0,0,0,0,0,1,0,1,1,1
39,0,0,1,0,1,1,0,1,0,1,0,0,0,1,1,1,0,0,0,0,1,1,0,1,0,0
40,0,0,2,1,1,0,1,1,1,1,0,1,0,0,0,0,1,1,0,0,1,1,0,1,0,1
41,0,0,0,0,0,0,1,1,0,1,0,1,0,0,1,1,0,0,0,0,0,0,0,1,1,1
42,0,0,-1,1,0,0,0,1,1,1,0,1,0,0,0,1,1,1,0,0,1,1,0,1,0,0
43,0,0,0,0,1,1,0,1,1,1,0,1,0,0,0,0,0,0,0,0,0,0,0,1,0,1
44,0,0,1,0,1,0,0,1,0,0,0,1,1,1,0,1,1,1,0,0,1,1,1,1,1,1
45,0,0,1,0,0,1,1,1,0,1,0,1,1,1,0,0,1,1,0,0,0,0,0,1,0,1
46,0,0,0,0,0,1,1,1,0,1,1,1,0,0,0,0,1,1,0,0,1,1,0,0,1,1
47,0,0,-1,0,0,1,0,1,0,1,1,1,1,1,1,1,1,1,0,0,0,1,0,1,0,0
48,0,0,2,1,0,0,0,1,1,1,0,1,1,1,0,0,0,0,0,0,0,0,1,1,0,0
49,0,0,1,0,1,1,1,1,0,1,0,1,0,0,0,0,0,0,0,0,0,1,1,1,0,0
50,0,0,-1,0,1,1,1,1,0,1,0,1,0,1,1,1,0,0,0,0,0,0,0,1,0,0
51,0,0,1,0,1,1,1,1,0,1,0,1,0,1,1,1,0,0,0,0,0,0,1,1,1,1
52,0,0,2,0,1,0,0,1,1,1,1,1,0,0,0,0,0,0,0,0,1,1,0,1,0,1
53,0,0,1,0,1,0,0,1,0,1,0,1,0,1,0,0,0,0,0,0,0,0,0,1,0,0
54,0,0,-1,0,0,1,0,1,0,1,0,1,0,1,1,1,0,0,0,0,0,1,0,1,0,0
55,0,0,0,0,0,0,0,1,1,1,0,1,1,1,0,1,0,0,0,0,1,1,0,1,1,1
56,0,0,1,1,0,1,0,1,1,1,0,1,0,0,1,1,1,1,0,0,0,1,0,1,0,1
57,0,0,1,1,0,1,0,1,0,0,0,0,1,1,1,1,1,1,0,0,0,1,0,1,1,1
58,0,0,2,1,0,0,0,1,0,1,1,1,0,0,0,0,1,1,0,0,1,1,0,1,0,1
59,0,0,2,1,1,1,0,0,0,1,0,1,1,1,0,0,1,1,0,0,0,1,0,1,0,0
60,0,0,1,1,1,1,1,1,1,1,1,1,1,1,1,1,1,1,0,0,0,1,0,1,0,1
61,0,0,0,1,1,1,0,1,0,1,1,1,1,1,1,1,0,0,0,0,0,0,0,1,0,1
62,0,0,1,1,0,0,1,1,1,1,0,1,0,1,0,0,0,0,0,0,1,1,0,1,1,1
63,0,0,1,0,1,0,0,1,0,1,0,0,1,1,1,1,0,0,0,0,1,1,0,1,0,1
64,0,0,1,0,1,1,1,1,0,1,1,1,0,0,0,0,0,0,0,0,0,0,1,1,0,0
65,0,0,0,0,0,1,1,1,0,1,1,1,1,1,1,1,1,1,0,0,1,1,0,1,0,0
66,0,0,2,0,0,1,1,1,0,1,0,1,1,1,0,0,0,1,0,0,0,1,0,1,0,1
67,0,0,1,1,0,0,0,1,0,1,1,1,0,0,1,1,0,0,0,0,1,1,0,1,0,1
68,0,0,1,1,1,0,0,0,0,0,0,1,0,1,1,1,0,0,0,0,0,1,0,1,0,1
69,0,0,-1,0,1,0,1,1,0,1,1,1,1,1,1,1,1,1,0,0,0,0,0,1,0,1
70,0,0,0,0,1,1,1,1,0,0,1,1,1,1,0,1,1,1,0,0,0,0,0,1,1,1
71,0,0,-1,1,1,1,1,1,0,1,0,1,0,1,1,1,1,1,0,0,0,1,0,1,0,0
72,0,0,0,1,0,1,0,1,0,1,1,1,0,0,0,0,1,1,0,0,0,0,0,1,0,0
73,0,0,2,1,0,1,1,1,1,1,1,1,0,1,1,1,1,1,0,0,0,1,0,1,0,1
74,0,0,-1,1,0,0,0,0,0,1,1,1,0,1,1,1,0,0,0,0,0,1,0,1,1,1
75,0,0,2,1,0,1,0,1,0,1,1,1,1,1,0,0,0,0,0,0,1,1,0,1,0,0
76,0,0,1,1,1,0,1,1,1,1,0,1,1,1,0,0,0,0,0,0,0,1,0,1,0,0
77,0,0,0,0,0,0,1,1,0,1,0,1,0,1,0,1,0,0,0,0,1,1,0,1,0,0
78,0,0,0,1,1,0,1,1,0,1,0,1,0,1,1,1,0,0,0,0,0,1,0,1,1,1
79,0,0,-1,0,1,1,0,1,0,1,1,1,1,1,1,1,1,1,0,0,1,1,0,1,0,0
80,0,0,2,0,1,1,1,1,0,1,0,1,0,1,1,1,0,0,0,0,0,1,0,1,0,1
81,0,0,2,0,1,1,1,1,0,1,0,1,1,1,1,1,1,1,0,0,1,1,0,1,0,0
82,0,0,2,0,1,1,0,1,0,1,0,1,0,0,0,0,1,1,0,0,1,1,1,1,1,1
83,0,0,2,1,1,1,0,1,0,1,0,1,0,0,0,0,0,0,0,0,1,1,0,1,1,1
84,0,0,2,1,0,1,0,1,0,1,0,1,0,1,1,1,0,0,0,0,0,0,0,1,1,1
85,0,0,-1,0,1,1,0,1,1,1,0,1,0,1,1,1,0,0,0,0,1,1,0,1,1,1
86,0,0,-1,0,0,0,1,1,1,1,0,1,0,0,0,0,0,0,0,0,1,1,0,1,0,0
87,0,0,-1,0,1,1,0,1,0,1,0,1,0,1,1,1,0,0,0,0,0,1,0,1,0,0
88,0,0,1,0,1,1,0,0,0,1,1,1,1,1,0,0,0,0,0,0,0,1,0,1,1,1
89,0,0,0,1,1,1,0,1,1,1,1,1,1,1,1,1,1,1,0,0,0,0,0,1,0,0
90,0,0,2,1,0,1,0,1,1,1,0,0,1,1,0,0,0,0,0,0,0,1,0,1,0,0
91,0,0,1,0,1,0,0,1,0,1,1,1,1,1,0,0,1,1,0,0,1,1,0,1,0,0
92,0,0,1,0,1,0,1,1,1,1,1,1,0,0,1,1,0,0,0,0,0,1,0,1,0,0
93,0,0,-1,1,0,0,1,1,1,1,0,1,1,1,1,1,1,1,0,0,1,1,0,1,0,0
94,0,0,0,1,1,0,0,0,0,1,0,1,0,1,0,0,0,0,0,0,0,0,0,1,0,0
95,0,0,2,0,1,0,1,1,1,1,0,1,1,1,0,0,1,1,0,0,0,1,0,1,1,1
96,0,0,-1,0,0,1,1,1,1,1,0,1,0,0,1,1,1,1,0,0,1,1,0,1,1,1
97,0,0,1,0,0,0,1,1,0,1,0,1,0,1,0,1,0,0,0,0,0,1,0,0,1,1
98,0,0,1,1,1,1,1,1,1,1,0,1,1,1,0,0,1,1,0,0,1,1,0,1,0,0
99,0,0,-1,1,0,0,0,1,0,1,0,1,0,0,1,1,1,1,0,0,1,1,1,1,0,1
100,0,0,1,0,1,0,1,1,1,1,0,1,0,1,0,0,0,0,0,0,0,1,1,1,1,1
101,0,0,0,0,1,1,0,1,0,1,0,1,0,1,1,1,0,0,0,0,0,0,0,1,0,1
102,0,0,-1,0,1,1,0,1,0,1,0,1,1,1,0,0,1,1,0,0,0,1,0,1,0,0
103,0,0,1,0,1,0,1,1,0,1,0,1,0,1,0,0,1,1,0,0,0,0,0,1,1,1
104,0,0,2,1,1,0,0,1,0,1,0,0,0,1,1,1,0,0,0,0,1,1,0,1,0,0
105,0,0,2,1,0,0,1,1,1,1,1,1,0,1,0,0,0,0,0,0,1,1,0,1,0,0
106,0,0,-1,1,1,1,0,1,0,1,0,1,0,0,0,1,1,1,0,0,0,1,0,1,0,1
107,0,0,0,0,0,0,0,1,0,1,0,1,0,1,0,0,0,0,0,0,0,1,1,1,0,0
108,0,0,2,1,1,1,1,1,1,1,0,1,0,1,1,1,0,0,0,0,0,0,0,1,1,1
109,0,0,2,0,0,1,0,1,1,1,1,1,1,1,1,1,1,1,0,0,0,0,0,1,1,1
110,0,0,2,1,0,1,0,1,0,1,1,1,1,1,1,1,0,0,0,0,1,1,0,1,1,1
111,0,0,2,1,1,0,0,1,0,0,0,1,0,0,1,1,1,1,0,0,0,0,0,1,0,1
112,0,0,0,0,1,1,0,1,0,1,0,1,1,1,0,0,0,0,0,0,1,1,0,1,1,1
113,0,0,1,0,0,0,0,1,1,1,0,1,1,1,0,0,0,0,0,0,1,1,0,1,0,1
114,0,0,2,1,0,0,1,1,0,1,0,1,0,1,0,0,1,1,0,0,0,1,0,1,1,1
115,0,0,0,1,1,1,1,1,1,1,0,1,1,1,0,0,1,1,0,0,0,0,0,1,1,1
116,0,0,0,1,0,1,0,1,0,0,1,1,1,1,1,1,1,1,0,0,0,0,1,1,1,1
117,0,0,0,1,1,1,1,1,1,1,0,1,0,1,0,0,0,0,0,0,1,1,0,1,0,1
118,0,0,-1,0,0,0,1,1,0,1,0,1,0,0,0,0,1,1,0,0,1,1,0,1,0,0
119,0,0,-1,0,0,0,1,1,0,1,1,1,0,1,0,0,0,0,0,0,0,0,0,1,1,1
120,0,0,-1,0,0,1,0,1,0,1,0,0,1,1,0,0,0,0,0,0,1,1,0,1,0,1
121,0,0,1,0,0,1,1,1,0,1,0,1,1,1,1,1,0,0,0,0,1,1,0,1,0,0
122,0,0,-1,1,1,1,0,1,1,1,0,1,1,1,1,1,0,0,0,0,0,0,1,1,0,1
123,0,0,1,1,0,0,0,1,1,1,1,1,0,1,0,0,0,0,0,0,1,1,0,1,0,1
124,0,0,-1,0,1,1,1,1,0,1,0,1,0,0,0,0,0,0,0,0,0,1,0,1,0,1
125,0,0,2,1,1,0,0,1,1,1,0,1,1,1,1,1,0,0,0,0,0,1,0,1,0,1
126,0,0,2,0,0,0,0,1,0,1,0,1,1,1,0,0,0,1,0,0,1,1,0,1,1,1
127,0,0,1,1,0,1,0,1,1,1,0,1,0,1,1,1,0,0,0,0,0,0,0,1,0,1
128,0,0,1,0,0,1,0,1,0,1,0,1,1,1,1,1,0,1,0,0,0,1,0,1,1,1
129,0,0,0,0,0,1,0,0,1,1,0,1,0,1,1,1,0,1,0,0,1,1,0,1,0,0
130,0,0,-1,0,1,0,0,1,0,0,0,1,1,1,0,0,0,0,0,0,0,1,0,1,0,0
131,0,0,-1,1,0,1,0,1,1,1,0,1,0,0,0,0,0,0,0,0,0,0,0,1,1,1
132,0,0,0,1,1,1,1,1,1,1,0,1,0,1,0,0,1,1,0,0,0,1,0,1,0,0
133,0,0,0,1,0,1,1,1,0,1,0,1,0,0,0,0,1,1,0,0,1,1,0,1,0,0
134,0,0,2,1,0,0,1,1,1,1,0,1,0,0,0,0,1,1,0,0,1,1,0,0,0,0
135,0,0,-1,1,0,1,0,1,0,1,1,1,1,1,0,0,0,0,0,0,0,0,0,1,1,1
136,0,0,1,1,0,1,0,1,1,1,1,1,1,1,0,0,0,1,0,0,0,1,1,1,1,1
137,0,0,0,1,0,1,1,1,0,1,0,1,1,1,0,0,1,1,0,0,1,1,0,1,0,1
138,0,0,0,0,0,0,1,1,0,1,1,1,1,1,1,1,1,1,0,0,1,1,0,1,1,1
139,0,0,0,0,1,0,0,1,0,1,1,1,0,0,0,0,0,0,0,0,1,1,0,1,1,1
140,0,0,0,1,0,0,1,1,0,1,1,1,0,0,1,1,0,0,0,0,0,0,1,1,0,0
141,0,0,1,1,0,0,0,1,0,0,1,1,1,1,0,0,0,0,0,0,1,1,0,1,0,1
142,0,0,2,0,1,1,0,0,1,1,0,1,0,0,0,0,1,1,0,0,1,1,0,1,0,0
143,0,0,0,1,0,0,1,1,1,1,0,1,1,1,1,1,0,1,0,0,0,1,0,1,1,1
144,0,0,1,0,1,0,0,1,0,1,0,1,0,1,0,0,0,0,0,0,0,0,0,1,0,0
145,0,0,2,0,0,0,1,1,1,1,0,1,0,1,1,1,0,0,0,0,0,0,0,1,1,1
146,0,0,2,0,1,0,0,1,1,1,1,1,0,0,0,0,0,0,0,0,0,0,0,1,1,1
147,0,0,1,1,1,0,1,1,1,1,0,1,1,1,1,1,0,0,0,0,0,1,0,1,1,1
148,0,0,0,0,1,1,1,1,0,1,0,1,1,1,0,0,0,0,0,0,1,1,0,1,0,0
149,0,0,0,0,0,1,0,1,1,1,0,1,0,0,0,1,0,0,0,0,0,1,0,1,1,1
150,0,0,0,1,1,0,1,1,0,1,0,1,0,0,0,0,0,0,0,0,0,0,0,1,0,1
151,0,0,-1,0,1,0,1,1,0,1,1,1,1,1,1,1,1,1,0,0,1,1,0,1,1,1
152,0,0,2,1,1,1,0,1,0,0,0,1,1,1,1,1,1,1,0,0,1,1,0,1,1,1
153,0,0,0,1,1,1,0,1,0,1,0,0,0,1,0,0,1,1,0,0,1,1,0,1,0,0
154,0,0,0,0,1,0,0,1,1,1,1,1,1,1,0,1,1,1,0,0,1,1,1,1,0,0
155,0,0,1,1,1,1,0,1,0,1,1,1,0,1,0,0,0,0,0,0,1,1,0,1,0,0
156,0,0,2,0,0,1,1,1,0,1,1,1,0,1,0,0,0,0,0,0,1,1,0,1,1,1
157,0,0,2,1,0,1,0,1,1,1,1,1,1,1,0,0,0,0,0,0,0,1,1,1,0,1
158,0,0,-1,1,1,0,0,0,1,1,0,1,0,1,1,1,0,0,0,0,1,1,0,1,1,1
159,0,0,-1,1,1,0,1,1,1,1,1,1,1,1,0,0,0,0,0,0,0,1,1,1,0,0
160,0,0,1,1,0,1,0,1,0,1,1,1,0,0,1,1,0,0,0,0,1,1,0,1,0,0
161,0,0,-1,0,1,1,0,1,0,1,0,1,0,1,0,0,0,0,0,0,0,0,1,1,0,0
162,0,0,-1,0,1,1,0,1,1,1,1,1,1,1,1,1,0,0,0,0,0,0,1,1,1,1
163,0,0,0,1,0,0,0,0,1,1,1,1,0,0,1,1,0,0,0,0,0,0,0,1,1,1
164,0,0,-1,0,0,1,1,1,0,1,1,1,0,0,0,0,0,0,0,0,1,1,0,1,1,1
165,0,0,1,0,1,0,1,1,1,1,1,1,0,0,1,1,0,0,0,0,1,1,0,1,0,0
166,0,0,1,1,1,1,1,1,0,1,1,1,0,0,1,1,0,0,0,0,0,0,0,1,0,1
167,0,0,2,0,1,1,0,1,0,1,0,1,0,0,0,0,1,1,0,0,0,1,0,1,0,0
168,0,0,-1,1,0,0,0,1,0,1,1,1,0,1,1,1,0,0,0,0,0,0,0,1,1,1
169,0,0,2,0,0,0,0,1,0,1,1,1,0,1,1,1,0,0,0,0,0,0,1,1,1,1
170,0,0,1,0,1,1,1,1,0,1,0,0,1,1,0,0,1,1,0,0,0,1,0,1,0,0
171,0,0,-1,1,1,0,0,1,1,1,1,1,1,1,1,1,0,0,0,0,0,1,0,1,1,1
172,0,0,1,1,0,0,0,0,0,1,0,1,0,0,0,0,1,1,0,0,1,1,0,1,1,1
173,0,0,0,1,1,1,1,1,1,1,0,1,1,1,0,0,1,1,0,0,0,0,1,1,1,1
174,0,0,-1,1,0,1,0,1,1,1,1,1,0,0,0,0,0,0,0,0,1,1,0,1,0,1
175,0,0,2,0,1,1,0,1,1,1,0,1,1,1,0,0,0,0,0,0,1,1,0,1,0,0
176,0,0,0,1,1,0,1,1,1,1,0,1,1,1,0,1,0,0,0,0,1,1,1,1,0,0
177,0,0,-1,1,0,1,1,1,0,1,1,1,1,1,1,1,0,0,0,0,1,1,0,1,1,1
178,0,0,1,1,1,1,0,0,0,1,1,1,0,1,1,1,0,0,0,0,0,0,0,1,1,1
179,0,0,-1,0,1,0,0,1,0,1,0,1,1,1,1,1,0,0,0,0,1,1,1,1,1,1
180,0,0,1,0,0,0,0,1,1,1,0,1,0,0,1,1,0,0,0,0,0,1,0,1,1,1
181,0,0,-1,1,0,0,1,1,1,1,0,1,0,0,1,1,0,0,0,0,0,1,0,1,1,1
182,0,0,1,0,1,0,0,1,0,1,0,1,1,1,0,0,0,0,0,0,0,0,0,1,0,0
183,0,0,0,1,1,1,0,1,0,1,0,1,1,1,1,1,0,0,0,0,0,1,0,1,0,1
184,0,0,2,0,0,1,0,1,0,1,0,1,0,1,1,1,0,0,0,0,1,1,0,1,1,1
185,0,0,2,0,0,0,0,0,0,0,1,1,1,1,1,1,0,0,0,0,0,1,0,1,0,1
186,0,0,-1,1,0,1,0,1,0,1,0,1,1,1,0,0,1,1,0,0,1,1,0,1,1,1
187,0,0,2,0,0,1,0,1,0,0,0,1,0,0,0,0,0,0,0,0,1,1,0,1,0,0
188,0,0,1,1,0,0,1,1,1,1,0,1,1,1,1,1,0,0,0,0,0,0,0,1,1,1
189,0,0,-1,0,0,0,1,1,0,1,1,1,1,1,1,1,0,0,0,0,1,1,0,1,1,1
190,0,0,2,1,0,0,1,1,1,1,1,1,0,1,1,1,0,0,0,0,0,1,1,1,0,0
191,0,0,0,0,1,1,0,1,1,1,0,1,1,1,0,0,0,0,0,0,1,1,0,1,1,1
192,0,0,2,0,1,0,1,1,1,1,0,1,1,1,0,0,1,1,0,0,0,1,0,1,0,0
193,0,0,-1,1,1,0,0,1,0,1,0,1,1,1,1,1,1,1,0,0,1,1,0,1,0,0
194,0,0,2,0,0,0,0,1,0,1,1,1,0,0,1,1,1,1,0,0,0,0,0,1,1,1
195,0,0,2,1,1,1,0,1,1,1,0,1,1,1,0,0,0,0,0,0,0,1,0,1,0,1
196,0,0,0,0,0,1,1,1,1,1,0,0,0,1,0,0,0,0,0,0,1,1,0,1,1,1
197,0,0,2,0,0,1,0,1,0,1,0,1,0,1,1,1,0,0,0,0,1,1,1,1,1,1
198,0,0,1,0,0,1,1,1,0,1,1,1,0,1,1,1,1,1,0,0,1,1,0,1,1,1
199,0,0,1,1,0,0,0,1,0,1,1,1,0,1,1,1,0,0,0,0,0,0,0,1,0,0
200,0,0,-1,1,1,0,0,1,0,1,0,1,0,0,1,1,0,0,0,0,0,0,0,1,1,1
201,0,0,1,1,0,1,1,1,0,1,0,1,1,1,0,0,1,1,0,0,0,0,0,1,1,1
202,0,0,-1,0,1,1,1,1,1,1,0,1,0,0,0,0,0,0,0,0,0,0,0,1,0,1
203,0,0,-1,1,1,0,0,1,0,0,0,0,0,0,0,0,0,0,0,0,0,0,0,0,0,0
204,0,0,2,1,1,0,1,1,1,1,0,1,1,1,1,1,0,0,0,0,0,1,0,1,0,1
205,0,0,1,0,1,0,0,1,0,1,0,1,0,1,0,0,0,0,0,0,0,1,0,1,0,0
206,0,0,-1,1,0,1,0,0,1,1,1,1,0,0,0,0,1,1,0,0,0,0,0,1,1,1
207,0,0,1,0,1,0,0,1,0,1,0,1,1,1,1,1,0,0,0,0,1,1,1,1,1,1
208,0,0,1,1,0,0,0,1,0,1,0,0,1,1,0,0,0,0,0,0,0,0,0,1,1,1
209,0,0,2,0,1,0,0,0,1,1,0,1,0,1,0,1,0,0,0,0,1,1,0,1,0,0
210,0,0,2,0,0,0,1,1,0,1,0,1,0,0,1,1,0,0,0,0,1,1,0,1,1,1
211,0,0,-1,1,1,0,0,1,0,1,0,1,0,1,0,0,0,0,0,0,0,0,0,1,1,1
212,0,0,1,1,1,1,0,1,0,1,0,1,0,1,1,1,1,1,0,0,1,1,0,1,0,0
213,0,0,1,0,0,0,1,1,1,1,0,0,0,1,0,0,1,1,0,0,1,1,0,0,1,1
214,0,0,0,0,0,0,1,1,0,1,0,1,0,0,0,0,0,0,0,0,1,1,0,1,1,1
215,0,0,1,0,1,0,0,1,1,1,0,1,0,1,0,0,0,0,0,0,0,0,0,1,1,1
216,0,0,-1,1,1,0,0,0,0,1,0,1,0,0,0,0,0,0,0,0,0,1,0,1,0,1
217,0,0,1,0,1,1,1,1,1,1,0,1,1,1,0,0,1,1,0,0,0,1,1,1,0,0
218,0,0,0,0,1,1,1,1,0,1,0,1,1,1,0,0,1,1,0,0,0,0,1,1,0,1
219,0,0,-1,1,1,0,0,1,0,1,1,1,1,1,1,1,0,0,0,0,1,1,1,1,0,1
220,0,0,0,1,0,1,1,1,0,1,0,1,0,1,1,1,0,0,0,0,0,0,0,1,0,0
221,0,0,0,0,0,1,0,1,0,1,1,1,0,1,0,0,1,1,0,0,0,0,0,1,0,1
222,0,0,1,1,0,0,0,0,0,1,0,1,1,1,0,0,0,0,0,0,1,1,0,1,0,0
223,0,0,1,0,0,0,0,1,0,1,1,1,1,1,1,1,0,0,0,0,0,1,0,1,1,1
224,0,0,1,0,1,1,1,1,1,1,0,1,1,1,1,1,1,1,0,0,1,1,0,1,0,1
225,0,0,2,1,0,0,1,1,1,1,1,1,0,1,1,1,0,0,0,0,1,1,1,1,1,1
226,0,0,2,0,1,0,1,1,0,1,1,1,1,1,1,1,0,0,0,0,1,1,1,1,0,0
227,0,0,2,0,0,0,0,1,1,1,0,1,0,0,0,1,0,0,0,0,1,1,0,1,0,0
228,0,0,0,1,0,0,1,1,0,1,0,1,1,1,0,0,0,0,0,0,1,1,0,1,1,1
229,0,0,-1,0,1,0,0,0,1,1,0,1,1,1,0,0,1,1,0,0,1,1,0,1,0,1
230,0,0,-1,0,0,1,1,1,0,0,0,1,1,1,1,1,0,0,0,0,0,0,1,1,0,0
231,0,0,0,0,0,1,0,1,0,1,0,1,1,1,0,0,1,1,0,0,1,1,0,1,0,0
232,0,0,0,1,0,1,0,1,0,1,0,1,0,1,1,1,1,1,0,0,1,1,0,1,1,1
233,0,0,-1,0,0,0,0,1,1,1,1,1,1,1,1,1,0,0,0,0,0,0,1,1,1,1
234,0,0,2,1,1,1,0,1,1,1,0,1,1,1,1,1,1,1,0,0,1,1,0,1,0,1
235,0,0,2,0,1,1,0,1,0,1,0,1,1,1,0,1,0,0,0,0,1,1,0,1,0,0
236,0,0,0,0,0,1,0,1,1,1,0,1,0,1,1,1,0,0,0,0,1,1,1,1,1,1
237,0,0,2,0,1,0,1,1,0,0,0,1,1,1,1,1,0,0,0,0,1,1,0,1,1,1
238,0,0,-1,1,1,0,0,1,1,1,0,1,1,1,1,1,0,0,0,0,0,1,0,1,1,1
239,0,0,1,0,1,1,0,1,0,1,0,1,1,1,1,1,1,1,0,0,0,1,1,1,0,0
240,0,0,-1,1,0,0,0,1,0,1,0,0,0,1,1,1,0,0,0,0,1,1,0,1,0,1
241,0,0,1,0,1,0,0,1,0,0,0,0,1,1,0,0,0,0,0,0,1,1,1,1,1,1
242,0,0,-1,0,1,0,0,1,1,1,0,1,1,1,0,1,0,0,0,0,1,1,0,1,1,1
243,0,0,2,1,1,0,0,1,0,1,0,1,0,1,1,1,0,0,0,0,1,1,1,1,1,1
244,0,0,-1,0,1,1,0,1,1,1,0,1,1,1,0,0,0,0,0,0,0,1,0,1,0,0
245,0,0,-1,0,0,1,0,0,1,1,1,1,0,0,1,1,0,0,0,0,1,1,0,1,0,1
246,0,0,1,1,0,0,0,1,0,1,1,1,0,1,0,0,0,0,0,0,0,0,1,1,0,0
247,0,0,1,0,0,1,0,1,1,1,0,1,0,0,1,1,0,0,0,0,1,1,0,1,0,0
248,0,0,0,0,1,1,0,1,1,1,0,1,1,1,0,0,0,0,0,0,1,1,0,1,1,1
249,0,0,2,1,1,1,1,1,0,1,0,1,0,1,1,1,0,0,0,0,1,1,0,1,0,0
250,0,0,1,0,0,1,0,1,0,1,0,1,1,1,1,1,0,0,0,0,1,1,0,1,0,0
251,0,0,1,0,0,0,0,1,0,1,0,1,0,1,1,1,0,0,0,0,1,1,0,0,1,1
252,0,0,0,0,1,1,0,1,1,1,1,1,1,1,0,0,0,0,0,0,0,0,0,1,1,1
253,0,0,0,1,0,0,0,1,1,1,1,1,1,1,0,0,0,0,0,0,0,0,1,1,0,0
254,0,0,1,0,0,1,0,1,0,1,1,1,0,0,1,1,0,0,0,0,0,0,0,1,1,1
255,0,0,2,1,1,0,1,1,0,1,0,1,0,1,1,1,1,1,0,0,1,1,0,1,0,0
256,0,0,-1,1,1,0,0,1,0,1,0,1,1,1,0,0,1,1,0,0,1,1,0,1,1,1
257,0,0,1,0,0,0,0,1,0,0,0,1,0,1,1,1,0,0,0,0,0,1,1,1,0,0
258,0,0,1,1,0,1,0,1,1,1,0,1,1,1,0,0,0,0,0,0,1,1,1,1,0,0
259,0,0,1,1,1,1,0,1,0,1,0,1,1,1,0,0,0,0,0,0,0,0,0,1,1,1
260,0,0,1,0,1,0,1,1,0,1,0,1,0,0,0,0,0,0,0,0,0,1,0,1,1,1
261,0,0,-1,0,0,1,0,1,0,1,1,1,1,1,1,1,1,1,0,0,0,0,0,1,0,1
262,0,0,1,1,1,1,0,1,1,1,0,1,0,1,1,1,1,1,0,0,1,1,0,1,0,0
263,0,0,2,1,0,1,0,1,0,1,1,1,1,1,1,1,1,1,0,0,0,0,0,1,1,1
264,0,0,2,0,0,0,0,1,1,1,0,1,0,1,0,1,0,0,0,0,1,1,0,1,0,0
265,0,0,0,1,0,0,1,1,1,1,0,1,0,0,0,1,0,0,0,0,1,1,0,1,1,1
266,0,0,0,1,0,0,1,1,1,1,1,1,1,1,1,1,0,0,0,0,1,1,1,1,1,1
267,0,0,0,1,1,0,0,1,0,1,1,1,1,1,0,0,0,0,0,0,1,1,1,1,1,1
268,0,0,-1,0,0,0,1,1,1,1,1,1,0,0,0,1,0,0,0,0,1,1,0,1,0,0
269,0,0,2,0,0,0,0,1,1,1,1,1,0,1,1,1,0,0,0,0,0,1,0,1,0,1
270,0,0,2,0,0,0,1,1,1,1,0,1,0,1,0,1,1,1,0,0,0,0,0,1,0,1
271,0,0,-1,0,1,1,1,1,0,1,1,1,1,1,0,0,0,0,0,0,0,1,0,1,0,0
272,0,0,1,0,0,1,0,1,1,1,0,1,0,1,0,0,0,0,0,0,0,1,0,1,0,0
273,0,0,2,1,1,0,0,1,0,1,0,1,0,0,1,1,0,0,0,0,0,1,0,1,0,1
274,0,0,0,0,0,0,0,1,1,1,0,1,0,0,0,0,0,0,0,0,0,0,0,1,0,0
275,0,0,-1,1,0,1,0,1,0,1,0,1,0,1,1,1,0,0,0,0,1,1,0,1,1,1
276,0,0,2,1,1,1,1,1,0,0,0,1,0,1,0,0,0,0,0,0,0,1,0,1,0,1
277,0,0,0,1,1,0,0,1,0,1,0,1,0,1,1,1,0,0,0,0,0,0,0,1,0,1
278,0,0,0,1,1,1,0,1,0,1,0,1,0,1,0,0,0,0,0,0,1,1,0,1,0,0
279,0,0,2,1,1,1,0,1,1,1,1,1,0,1,0,0,0,0,0,0,1,1,0,1,1,1
280,0,0,1,1,0,0,0,1,0,1,1,1,1,1,0,0,1,1,0,0,0,0,0,1,0,1
281,0,0,0,1,0,1,1,1,0,1,0,1,0,1,0,0,1,1,0,0,0,1,0,1,0,0
282,0,0,0,0,0,1,0,1,1,1,1,1,0,1,0,0,0,0,0,0,1,1,1,1,0,0
283,0,0,2,0,1,0,0,1,0,1,1,1,1,1,1,1,0,0,0,0,1,1,0,1,0,0
284,0,0,2,0,0,1,0,0,0,1,1,1,1,1,0,0,1,1,0,0,1,1,0,1,0,0
285,0,0,2,0,1,1,1,1,0,1,0,1,0,1,1,1,0,0,0,0,1,1,0,1,0,1
286,0,0,1,0,0,1,0,1,1,1,0,1,0,1,0,0,0,0,0,0,1,1,0,1,0,1
287,0,0,0,1,1,0,0,1,0,1,0,1,0,0,0,0,0,1,0,0,0,0,0,1,1,1
288,0,0,-1,1,0,1,1,1,1,1,0,1,0,0,0,0,1,1,0,0,0,1,0,1,0,1
289,0,0,1,0,0,1,0,1,1,1,1,1,0,0,0,1,0,0,0,0,0,1,0,1,0,0
290,0,0,1,0,1,1,1,1,0,1,1,1,1,1,0,0,0,0,0,0,1,1,0,1,1,1
291,0,0,-1,0,1,0,1,1,0,1,0,1,0,1,0,0,0,0,0,0,1,1,0,1,0,1
292,0,0,2,0,0,0,0,1,0,1,1,1,0,0,1,1,1,1,0,0,0,0,0,1,1,1
293,0,0,-1,0,0,0,0,1,0,1,1,1,1,1,1,1,0,0,0,0,1,1,0,1,1,1
294,0,0,1,1,0,1,0,1,1,1,0,1,1,1,0,1,0,0,0,0,1,1,0,1,0,0
295,0,0,-1,1,1,0,0,1,1,1,0,1,0,0,0,0,0,0,0,0,0,0,0,1,1,1
296,0,0,1,1,0,0,0,0,0,1,0,1,0,1,1,1,0,1,0,0,1,1,0,1,0,0
297,0,0,-1,0,1,1,0,1,0,1,0,1,1,1,0,0,1,1,0,0,1,1,0,1,0,1
298,0,0,-1,0,1,1,0,1,0,1,0,1,1,1,1,1,0,0,0,0,0,1,0,1,1,1
299,0,0,2,0,0,1,1,1,1,1,1,1,0,1,0,0,0,0,0,0,0,0,0,0,1,1
300,0,0,2,0,0,0,0,1,0,1,0,1,1,1,0,0,0,0,0,0,1,1,0,1,1,1
301,0,0,-1,0,0,0,0,1,1,1,0,1,1,1,0,0,0,0,0,0,1,1,0,1,0,1
302,0,0,1,0,1,0,0,1,0,1,1,1,1,1,1,1,1,1,0,0,1,1,0,1,1,1
303,0,0,0,1,1,1,1,1,0,1,0,1,1,1,0,1,0,0,0,0,1,1,1,1,1,1
304,0,0,0,1,0,1,0,1,1,1,1,1,0,1,0,0,0,0,0,0,0,0,0,1,1,1
305,0,0,1,0,0,0,0,1,1,1,1,1,1,1,1,1,1,1,0,0,1,1,0,1,1,1
306,0,0,0,0,0,0,0,1,1,1,0,1,0,1,0,1,0,0,0,0,1,1,0,1,1,1
307,0,0,2,1,0,1,0,1,0,1,0,1,1,1,1,1,0,0,0,0,0,1,0,1,0,1
308,0,0,2,0,0,1,0,1,1,1,0,1,1,1,0,0,0,0,0,0,1,1,1,1,0,1
309,0,0,0,1,1,1,0,1,1,1,0,1,0,1,0,0,0,0,0,0,0,0,0,1,0,0
310,0,0,1,0,1,0,0,1,1,1,0,0,0,0,1,1,1,1,0,0,0,0,0,1,0,0
311,0,0,0,0,1,1,1,1,1,1,1,1,0,1,1,1,0,0,0,0,1,1,0,1,1,1
312,0,0,-1,0,0,0,0,1,1,1,0,1,1,1,1,1,0,0,0,0,1,1,0,1,1,1
313,0,0,1,1,0,1,0,1,0,1,0,0,0,0,1,1,0,0,0,0,0,1,0,1,1,1
314,0,0,-1,0,0,1,0,1,1,1,0,1,0,0,1,1,1,1,0,0,1,1,0,1,1,1
315,0,0,2,0,0,0,0,1,1,1,0,1,0,1,0,1,0,0,0,0,0,1,0,1,1,1
316,0,0,1,0,0,0,1,1,0,0,0,1,0,0,1,1,0,1,0,0,1,1,1,1,1,1
317,0,0,0,0,1,0,1,1,0,0,0,1,0,1,0,0,0,0,0,0,1,1,0,1,1,1
318,0,0,-1,1,1,0,0,1,1,1,1,1,1,1,1,1,1,1,0,0,1,1,1,1,0,0
319,0,0,1,1,0,1,1,1,0,1,0,1,1,1,1,1,0,0,0,0,0,0,0,1,1,1
320,0,0,2,1,0,1,1,1,0,1,0,1,1,1,1,1,0,0,0,0,1,1,0,1,1,1
321,0,0,-1,1,1,0,0,1,0,1,0,1,1,1,1,1,0,0,0,0,0,0,1,1,1,1
322,0,0,1,0,1,1,1,1,0,1,0,1,0,1,0,0,0,0,0,0,1,1,0,1,0,0
323,0,0,2,0,0,1,0,1,1,1,1,1,0,1,1,1,0,0,0,0,1,1,0,1,0,0
324,0,0,-1,0,1,1,0,1,0,1,0,1,1,1,0,1,0,0,0,0,0,0,0,1,0,0
325,0,0,1,1,1,1,0,0,1,1,0,1,1,1,0,0,0,0,0,0,1,1,1,1,0,0
326,0,0,-1,1,1,0,1,1,0,1,0,1,1,1,0,0,0,0,0,0,1,1,1,1,1,1
327,0,0,1,1,0,0,0,1,0,1,0,1,0,1,0,0,1,1,0,0,1,1,0,1,1,1
328,0,0,1,1,1,1,1,1,0,1,0,1,1,1,1,1,0,0,0,0,0,0,0,1,1,1
329,0,0,1,1,0,1,0,1,1,1,0,1,0,1,0,0,0,0,0,0,0,0,0,1,1,1
330,0,0,0,0,1,1,0,1,1,1,0,1,0,1,0,1,1,1,0,0,0,1,1,1,1,1
331,0,0,1,0,0,1,0,1,0,0,1,1,1,1,1,1,0,0,0,0,0,0,0,1,1,1
332,0,0,-1,1,0,0,1,1,0,1,0,1,1,1,1,1,1,1,0,0,0,0,1,1,1,1
333,0,0,1,0,0,1,0,1,0,1,0,1,1,1,0,0,0,0,0,0,1,1,0,1,0,0
334,0,0,1,0,1,1,1,1,0,1,1,1,0,1,0,0,0,0,0,0,0,1,0,1,0,1
335,0,0,2,0,0,0,0,1,1,1,1,1,1,1,0,1,0,0,0,0,1,1,0,1,1,1
336,0,0,2,1,0,0,0,1,1,1,0,1,0,1,0,0,0,0,0,0,1,1,0,1,1,1
337,0,0,2,1,1,0,0,1,1,1,1,1,1,1,1,1,0,0,0,0,1,1,0,1,1,1
338,0,0,0,1,1,0,0,1,0,1,0,1,0,1,0,0,0,0,0,0,0,0,0,1,0,0
339,0,0,0,0,1,0,1,1,0,1,0,1,0,0,1,1,0,0,0,0,0,1,0,1,0,0
340,0,0,1,0,0,1,0,1,0,1,0,1,0,1,0,0,0,0,0,0,0,0,1,1,1,1
341,0,0,-1,1,0,1,0,0,0,1,0,1,1,1,1,1,0,0,0,0,1,1,1,1,1,1
342,0,0,2,0,1,0,0,1,1,1,0,1,0,1,0,0,0,0,0,0,0,1,1,1,0,1
343,0,0,0,0,1,1,0,0,1,1,1,1,1,1,0,0,0,0,0,0,1,1,0,1,1,1
344,0,0,1,0,1,0,0,0,0,0,1,1,0,1,0,0,0,0,0,0,0,0,0,1,0,0
345,0,0,2,1,1,1,0,1,0,1,1,1,1,1,0,1,0,0,0,0,1,1,0,1,1,1
346,0,0,1,1,1,1,1,1,1,1,1,1,1,1,0,0,1,1,0,0,0,0,0,1,0,0
347,0,0,0,1,0,0,1,1,0,0,0,1,1,1,1,1,0,0,0,0,0,0,1,1,1,1
348,0,0,-1,1,1,1,1,1,1,1,0,1,1,1,1,1,0,0,0,0,0,0,0,1,1,1
349,0,0,2,0,1,1,0,1,1,1,0,1,0,1,1,1,0,1,0,0,1,1,0,1,1,1
350,0,0,1,0,1,0,1,1,1,1,0,1,1,1,1,1,0,0,0,0,0,1,1,1,1,1
351,0,0,2,1,0,1,1,1,0,1,0,1,1,1,1,1,0,0,0,0,1,1,0,1,1,1
352,0,0,-1,0,0,0,0,1,0,1,0,1,0,0,0,1,0,0,0,0,1,1,0,1,0,0
353,0,0,2,0,0,0,1,1,1,1,1,1,0,1,1,1,0,0,0,0,1,1,0,1,0,0
354,0,0,-1,0,1,0,0,1,0,1,0,1,0,1,0,1,0,0,0,0,1,1,0,1,0,1
355,0,0,2,1,0,0,0,1,0,1,0,1,0,0,1,1,0,0,0,0,0,0,0,1,0,0
356,0,0,-1,0,0,0,0,1,0,1,0,1,0,1,0,1,0,0,0,0,1,1,0,1,0,1
357,0,0,1,0,1,1,1,1,1,1,1,1,0,1,0,0,0,0,0,0,0,0,0,1,0,0
358,0,0,2,1,1,0,0,1,0,1,0,1,1,1,0,0,0,0,0,0,0,0,0,1,1,1
359,0,0,2,0,1,1,1,1,0,1,0,1,1,1,1,1,0,0,0,0,1,1,0,1,1,1
360,0,0,-1,0,1,0,1,1,0,1,1,1,1,1,1,1,0,0,0,0,0,0,0,1,1,1
361,0,0,0,0,0,0,0,1,1,1,0,1,0,1,1,1,0,0,0,0,0,1,0,1,0,0
362,0,0,0,1,1,0,0,1,0,1,0,1,1,1,1,1,0,0,0,0,0,0,1,1,0,0
363,0,0,2,1,0,1,1,1,1,1,0,1,0,0,1,1,0,0,0,0,0,1,0,1,1,1
364,0,0,0,1,1,0,0,1,0,1,0,1,0,1,1,1,0,0,0,0,1,1,0,1,0,0
365,0,0,-1,1,1,1,0,1,0,1,0,1,1,1,1,1,0,0,0,0,1,1,0,1,0,0
366,0,0,2,0,1,0,0,1,0,1,0,1,0,0,0,1,1,1,0,0,1,1,0,1,1,1
367,0,0,1,0,0,1,0,1,1,1,1,1,0,1,1,1,1,1,0,0,0,0,0,1,1,1
368,0,0,0,0,1,0,0,1,1,1,0,1,1,1,0,1,0,0,0,0,0,0,0,0,1,1
369,0,0,-1,1,1,1,1,1,1,1,0,1,1,1,1,1,0,0,0,0,0,1,0,1,1,1
370,0,0,1,0,0,1,1,1,0,1,0,1,0,1,0,1,0,1,0,0,1,1,0,1,0,1
371,0,0,2,0,0,0,1,1,1,1,0,1,1,1,1,1,0,0,0,0,0,1,0,1,1,1
372,0,0,1,0,0,0,0,1,1,1,1,1,1,1,1,1,0,0,0,0,1,1,0,1,1,1
373,0,0,-1,1,0,0,0,1,0,1,0,1,1,1,0,0,0,0,0,0,0,0,0,1,0,1
374,0,0,0,0,1,1,0,1,0,1,0,1,1,1,0,0,0,0,0,0,1,1,0,1,0,1
375,0,0,-1,1,1,1,1,1,1,1,0,1,1,1,0,0,1,1,0,0,1,1,0,1,0,0
376,0,0,2,1,1,1,1,1,1,1,0,1,1,1,1,1,0,0,0,0,0,0,0,1,1,1
377,0,0,1,0,1,0,0,1,0,1,0,1,1,1,0,0,1,1,0,0,1,1,0,1,1,1
378,0,0,2,1,1,0,0,1,0,1,0,1,0,1,0,0,0,0,0,0,1,1,0,1,1,1
379,0,0,-1,0,1,1,0,1,1,1,0,1,0,1,1,1,1,1,0,0,1,1,0,1,1,1
380,0,0,0,1,1,0,0,0,1,1,1,1,0,0,0,0,0,0,0,0,1,1,0,1,1,1
381,0,0,0,1,0,0,1,1,1,1,1,1,0,1,1,1,0,0,0,0,1,1,0,1,1,1
382,0,0,-1,1,1,1,1,1,0,0,1,1,1,1,1,1,0,0,0,0,0,0,0,1,1,1
383,0,0,0,0,1,1,0,1,0,1,0,1,1,1,1,1,0,0,0,0,1,1,0,1,0,0
384,0,0,0,1,1,1,0,1,1,1,0,1,1,1,0,0,1,1,0,0,0,0,0,1,0,0
385,0,0,1,1,1,1,0,1,1,1,0,1,0,1,1,1,0,1,0,0,1,1,1,1,1,1
386,0,0,2,0,0,0,1,1,0,1,0,1,0,1,1,1,0,0,0,0,0,1,0,1,1,1
387,0,0,0,0,0,0,0,1,0,1,0,1,0,1,1,1,1,1,0,0,0,0,1,1,1,1
388,0,0,-1,1,0,0,0,1,0,0,0,1,1,1,0,0,1,1,0,0,1,1,1,1,0,0
389,0,0,-1,0,0,1,1,1,0,1,1,1,1,1,1,1,1,1,0,0,1,1,1,1,0,1
390,0,0,2,0,1,1,0,1,1,1,0,1,0,1,1,1,0,0,0,0,0,1,1,1,0,0
391,0,0,-1,1,0,1,0,1,0,1,0,1,1,1,1,1,1,1,0,0,0,0,0,1,0,0
392,0,0,0,1,0,1,0,1,1,1,0,1,1,1,0,0,0,0,0,0,1,1,0,1,0,0
393,0,0,0,0,0,0,0,0,0,1,0,1,1,1,0,0,0,0,0,0,1,1,0,1,1,1
394,0,0,2,1,1,0,0,1,0,1,0,1,0,1,0,1,0,0,0,0,0,1,1,1,1,1
395,0,0,0,1,1,0,1,1,1,1,1,1,1,1,0,0,0,0,0,0,0,1,0,1,0,0
396,0,0,2,1,0,0,1,1,0,1,1,1,0,0,0,0,1,1,0,0,1,1,1,1,0,0
397,0,0,1,1,1,0,0,1,1,1,0,1,1,1,0,0,0,0,0,0,1,1,0,1,1,1
398,0,0,0,0,1,1,0,1,1,1,0,1,1,1,0,0,0,0,0,0,0,1,0,1,1,1
399,0,0,1,1,0,0,1,1,0,1,0,1,0,1,0,0,0,0,0,0,1,1,0,1,0,0
400,0,0,0,1,0,1,0,1,1,1,1,1,1,1,0,0,0,0,0,0,1,1,0,1,0,1
401,0,0,1,1,0,0,0,1,1,1,0,1,0,1,1,1,0,0,0,0,0,1,0,1,0,0
402,0,0,-1,1,1,0,0,1,0,1,0,1,0,0,1,1,0,0,0,0,1,1,0,1,1,1
403,0,0,0,0,1,1,0,1,1,1,0,1,0,0,0,1,0,0,0,0,0,0,0,1,1,1
404,0,0,0,1,1,1,1,1,0,1,0,1,1,1,0,0,0,0,0,0,1,1,0,1,1,1
405,0,0,1,0,1,0,0,1,0,0,0,1,0,1,0,0,1,1,0,0,1,1,0,1,1,1
406,0,0,1,1,0,0,1,1,0,1,0,1,0,0,1,1,1,1,0,0,1,1,0,1,1,1
407,0,0,-1,1,0,1,0,1,1,1,0,1,1,1,0,1,0,0,0,0,0,1,0,1,0,0
408,0,0,1,0,1,1,0,1,1,1,0,1,1,1,0,0,0,0,0,0,1,1,0,1,0,0
409,0,0,1,1,1,1,0,0,1,1,1,1,0,1,0,0,0,0,0,0,0,0,0,1,1,1
410,0,0,-1,0,0,1,0,0,1,1,1,1,1,1,0,1,1,1,0,0,1,1,1,1,0,1
411,0,0,0,0,0,1,0,1,0,1,0,1,1,1,1,1,0,0,0,0,1,1,1,1,0,0
412,0,0,0,0,0,0,1,1,1,1,0,1,1,1,1,1,0,0,0,0,1,1,1,1,0,0
413,0,0,2,1,0,1,0,1,1,1,0,1,1,1,0,0,0,0,0,0,0,1,1,1,1,1
414,0,0,1,0,1,1,1,1,0,1,0,1,1,1,0,0,0,0,0,0,1,1,0,1,1,1
415,0,0,-1,0,0,0,0,1,0,1,1,1,1,1,1,1,0,0,0,0,0,0,1,1,0,0
416,0,0,1,1,1,1,1,1,1,1,0,1,0,1,1,1,0,0,0,0,0,1,0,1,0,1
417,0,0,0,0,0,0,0,1,0,1,0,1,1,1,1,1,0,0,0,0,0,1,0,1,0,0
418,0,0,2,0,0,0,0,1,0,1,0,1,1,1,0,0,0,1,0,0,0,1,0,1,0,0
419,0,0,1,1,1,0,0,0,0,1,0,1,0,0,0,0,0,0,0,0,1,1,0,1,0,0
420,0,0,-1,0,0,0,0,1,1,1,0,1,1,1,0,0,0,0,0,0,0,1,0,1,0,0
421,0,0,2,1,1,0,0,0,0,1,1,1,1,1,0,0,1,1,0,0,0,1,0,1,0,1
422,0,0,-1,1,1,1,0,1,1,1,0,1,0,0,0,0,0,0,0,0,1,1,0,1,0,0
423,0,0,2,0,1,0,1,1,1,1,1,1,0,1,0,1,0,0,0,0,1,1,0,1,1,1
424,0,0,-1,1,0,1,1,1,0,1,0,1,0,0,0,0,0,0,0,0,1,1,0,1,1,1
425,0,0,0,0,0,1,0,0,0,1,0,1,0,1,1,1,0,0,0,0,1,1,0,1,1,1
426,0,0,1,0,0,1,1,1,1,1,0,1,1,1,0,1,0,0,0,0,1,1,0,1,0,0
427,0,0,0,0,0,0,1,1,1,1,0,1,0,0,0,0,0,0,0,0,1,1,0,1,0,0
428,0,0,-1,0,0,0,1,1,1,1,0,1,0,1,0,0,0,0,0,0,1,1,0,1,0,0
429,0,0,-1,0,1,0,1,1,0,1,0,1,1,1,0,0,0,0,0,0,1,1,0,1,0,0
430,0,0,1,1,0,0,0,1,1,1,1,1,0,0,1,1,0,0,0,0,0,0,0,1,0,0
431,0,0,1,1,1,1,1,1,0,0,0,1,1,1,0,0,0,0,0,0,1,1,0,1,0,0
432,0,0,-1,0,0,0,1,1,0,1,0,1,1,1,0,0,0,0,0,0,1,1,0,1,0,1
433,0,0,-1,0,0,0,0,1,0,0,0,1,0,0,0,0,1,1,0,0,0,0,0,1,0,0
434,0,0,1,0,1,0,0,1,1,1,1,1,1,1,1,1,0,0,0,0,1,1,1,1,0,0
435,0,0,0,0,1,1,1,1,0,1,0,1,0,1,1,1,0,0,0,0,0,0,1,1,1,1
436,0,0,1,0,0,0,0,1,0,0,1,1,1,1,0,1,0,0,0,0,0,0,0,1,1,1
437,0,0,1,1,1,1,0,1,1,1,0,1,1,1,0,0,1,1,0,0,0,1,0,1,0,0
438,0,0,0,0,0,1,0,0,1,1,0,1,1,1,0,0,0,0,0,0,0,0,1,1,1,1
439,0,0,0,0,0,0,0,1,0,1,0,1,0,1,0,0,0,0,0,0,1,1,0,1,1,1
440,0,0,1,1,1,0,0,0,0,1,0,1,0,1,0,0,0,0,0,0,0,0,1,1,1,1
441,0,0,2,1,0,1,1,1,1,1,0,1,1,1,1,1,0,0,0,0,0,0,0,1,0,1
442,0,0,0,1,0,0,1,1,0,1,0,1,1,1,1,1,0,0,0,0,0,1,0,1,0,1
443,0,0,-1,0,1,0,0,1,0,1,0,1,1,1,1,1,0,0,0,0,1,1,1,1,1,1
444,0,0,0,1,1,1,1,1,0,0,0,1,1,1,1,1,0,0,0,0,1,1,1,1,0,0
445,0,0,-1,1,0,0,0,1,0,1,0,1,0,1,0,0,0,0,0,0,0,0,0,1,0,0
446,0,0,0,1,0,1,1,1,1,1,0,1,1,1,1,1,1,1,0,0,0,0,0,1,1,1
447,0,0,2,0,1,1,1,1,0,1,0,1,1,1,1,1,0,0,0,0,1,1,0,1,0,0
448,0,0,0,0,0,1,0,1,1,1,0,1,1,1,1,1,0,0,0,0,0,0,1,1,1,1
449,0,0,0,0,0,0,0,1,0,1,0,1,1,1,1,1,0,0,0,0,1,1,0,1,1,1
450,0,0,2,0,0,0,0,1,0,1,0,1,0,0,0,1,0,1,0,0,0,1,0,1,1,1
451,0,0,1,0,1,1,0,1,0,1,1,1,1,1,0,0,0,0,0,0,1,1,1,1,1,1
452,0,0,1,0,1,0,0,1,0,0,0,1,0,0,1,1,0,0,0,0,0,0,0,1,0,0
453,0,0,1,1,0,0,1,1,0,1,0,1,0,0,1,1,0,0,0,0,1,1,0,1,0,0
454,0,0,2,0,0,1,1,1,0,1,0,1,0,0,0,0,1,1,0,0,1,1,1,1,0,0
455,0,0,1,1,1,0,0,1,0,1,0,1,1,1,0,0,1,1,0,0,0,0,0,1,0,0
456,0,0,0,0,1,0,0,1,0,1,0,1,1,1,1,1,0,0,0,0,1,1,1,1,1,1
457,0,0,-1,1,0,0,0,1,0,1,0,1,1,1,0,0,0,0,0,0,1,1,0,1,0,0
458,0,0,0,0,0,0,0,1,1,1,1,1,1,1,0,0,0,0,0,0,1,1,0,1,1,1
459,0,0,1,0,1,1,0,1,0,1,1,1,1,1,0,0,0,0,0,0,0,0,0,1,1,1
460,0,0,-1,0,1,1,1,1,0,1,0,1,1,1,1,1,1,1,0,0,1,1,0,1,0,0
461,0,0,0,1,1,1,1,1,1,1,0,1,1,1,0,0,0,0,0,0,1,1,0,1,0,0
462,0,0,0,0,0,1,0,1,0,1,1,1,0,1,1,1,0,0,0,0,0,1,0,1,1,1
463,0,0,1,1,1,1,0,1,0,1,0,1,0,1,0,0,1,1,0,0,1,1,1,1,0,0
464,0,0,-1,0,0,1,1,1,1,1,0,1,0,1,1,1,1,1,0,0,1,1,0,1,1,1
465,0,0,2,1,1,1,1,1,1,1,0,1,0,0,0,1,0,0,0,0,0,1,0,1,1,1
466,0,0,0,1,1,0,0,1,1,1,1,1,0,0,0,0,0,0,0,0,1,1,0,1,0,1
467,0,0,-1,0,1,0,1,1,0,1,0,1,0,0,0,0,0,0,0,0,0,1,0,1,1,1
468,0,0,-1,1,0,1,1,1,0,0,1,1,1,1,0,0,0,0,0,0,1,1,0,1,0,0
469,0,0,-1,0,0,0,0,1,1,1,0,1,1,1,0,0,1,1,0,0,0,1,0,1,0,0
470,0,0,-1,1,1,1,0,1,0,0,0,1,1,1,0,0,1,1,0,0,1,1,1,1,1,1
471,0,0,0,1,1,1,1,1,1,1,1,1,0,0,1,1,0,0,0,0,0,1,0,1,0,0
472,0,0,2,1,1,1,0,1,0,1,1,1,0,1,0,0,0,0,0,0,0,1,0,1,0,0
473,0,0,-1,0,1,0,0,1,1,1,1,1,1,1,0,0,0,0,0,0,0,0,0,1,1,1
474,0,0,0,1,1,0,0,1,0,1,1,1,0,0,1,1,0,0,0,0,1,1,0,1,0,0
475,0,0,1,0,1,1,0,1,0,1,0,1,1,1,1,1,0,0,0,0,1,1,1,1,1,1
476,0,0,2,1,0,1,0,1,0,1,1,1,1,1,1,1,0,0,0,0,0,0,1,1,1,1
477,0,0,0,0,1,0,0,1,1,1,1,1,0,1,1,1,0,0,0,0,0,0,0,1,0,1
478,0,0,-1,1,1,1,0,1,1,1,0,1,0,1,0,0,0,0,0,0,1,1,0,1,1,1
479,0,0,1,0,0,0,0,1,1,1,0,1,0,1,0,0,1,1,0,0,0,1,0,1,0,0
480,0,0,1,1,1,1,1,1,0,1,1,1,1,1,1,1,0,0,0,0,1,1,0,1,1,1
481,0,0,2,0,1,0,1,1,0,0,0,1,0,1,0,0,0,0,0,0,0,0,0,1,1,1
482,0,0,2,1,0,1,1,1,0,1,1,1,1,1,1,1,0,0,0,0,0,1,0,1,1,1
483,0,0,2,1,1,0,0,1,1,1,0,1,0,1,1,1,0,0,0,0,0,0,0,1,0,0
484,0,0,0,1,0,0,1,1,0,1,0,1,0,0,0,0,1,1,0,0,0,0,0,1,1,1
485,0,0,1,0,1,1,0,1,0,1,0,1,0,1,1,1,0,0,0,0,0,0,0,1,0,0
486,0,0,0,1,0,1,0,1,0,1,0,1,1,1,0,0,0,0,0,0,0,0,1,1,0,0
487,0,0,0,1,0,0,1,1,0,1,0,1,1,1,1,1,0,0,0,0,0,1,0,1,1,1
488,0,0,-1,1,0,1,0,1,1,1,0,1,0,0,0,0,1,1,0,0,1,1,0,1,0,0
489,0,0,2,0,1,0,0,1,0,1,1,1,0,1,0,0,0,0,0,0,0,0,0,1,0,1
490,0,0,-1,0,0,0,1,1,0,1,1,1,1,1,1,1,0,0,0,0,1,1,0,1,0,0
491,0,0,1,0,1,0,0,1,1,1,0,1,1,1,0,1,1,1,0,0,0,0,0,1,1,1
492,0,0,2,1,0,1,1,1,0,1,1,1,1,1,1,1,0,0,0,0,0,1,0,1,1,1
493,0,0,0,1,0,0,0,1,1,1,0,0,1,1,1,1,0,0,0,0,0,1,0,1,1,1
494,0,0,2,0,1,1,0,1,1,1,0,1,0,1,1,1,0,0,0,0,0,1,0,1,1,1
495,0,0,2,0,1,1,0,1,0,1,0,1,0,0,1,1,0,0,0,0,1,1,0,1,0,1
496,0,0,1,1,1,1,0,1,0,1,1,1,0,1,1,1,0,0,0,0,0,1,0,1,1,1
497,0,0,0,0,0,0,0,1,0,1,0,0,1,1,1,1,0,0,0,0,0,0,0,1,0,1
498,0,0,2,0,0,0,0,1,0,1,1,1,0,0,0,0,0,0,0,0,1,1,0,1,1,1
499,0,0,2,1,1,1,1,1,0,1,0,1,0,1,0,0,1,1,0,0,0,1,0,1,0,1
500,0,0,2,1,1,1,0,1,1,1,0,1,1,1,0,0,1,1,0,0,1,1,0,1,1,1
501,0,0,1,1,0,0,0,1,1,1,1,1,0,1,1,1,1,1,0,0,1,1,0,1,0,1
502,0,0,-1,0,0,1,0,1,0,1,0,1,1,1,1,1,0,0,0,0,1,1,1,1,1,1
503,0,0,-1,0,1,0,0,1,0,1,0,1,1,1,0,0,0,0,0,0,0,0,0,1,1,1
504,0,0,2,1,0,0,0,1,0,1,0,1,0,0,1,1,1,1,0,0,1,1,0,1,0,0
505,0,0,0,1,1,0,1,1,0,1,0,1,1,1,0,1,1,1,0,0,1,1,0,1,1,1
506,0,0,-1,1,1,0,1,1,0,1,1,1,1,1,0,0,1,1,0,0,1,1,0,1,0,1
507,0,0,1,1,0,0,1,1,1,1,0,1,1,1,0,0,0,0,0,0,0,0,0,1,1,1
508,0,0,0,0,1,1,1,1,0,1,0,1,1,1,1,1,0,0,0,0,0,0,1,1,0,0
509,0,0,2,0,1,0,1,1,1,1,0,1,0,1,1,1,0,0,0,0,0,1,1,1,0,0
510,0,0,2,1,0,0,1,1,0,0,0,1,0,0,0,0,0,0,0,0,1,1,0,1,1,1
511,0,0,1,0,1,1,1,1,1,1,0,1,0,1,1,1,0,0,0,0,1,1,0,1,1,1
512,0,0,2,1,0,0,0,1,0,1,0,1,0,1,0,1,0,0,0,0,1,1,1,1,1,1
513,0,0,0,0,1,0,0,1,0,1,1,1,1,1,1,1,0,0,0,0,0,1,1,1,0,0
514,0,0,2,1,1,0,1,1,1,1,0,1,0,0,1,1,1,1,0,0,0,1,1,1,0,1
515,0,0,0,0,0,0,0,1,1,1,1,1,0,1,1,1,0,0,0,0,1,1,0,1,1,1
516,0,0,2,0,1,0,0,1,0,0,0,0,0,1,1,1,0,0,0,0,0,0,0,1,1,1
517,0,0,0,1,1,1,0,1,0,1,1,1,1,1,0,0,1,1,0,0,1,1,0,1,1,1
518,0,0,-1,1,1,0,1,1,1,1,0,1,1,1,1,1,1,1,0,0,0,1,0,1,0,0
519,0,0,0,0,0,1,0,1,0,0,1,1,1,1,1,1,0,1,0,0,1,1,0,1,0,0
520,0,0,2,0,0,1,0,1,1,1,0,1,0,1,0,0,0,0,0,0,0,0,0,1,1,1
521,0,0,1,1,1,0,0,1,0,1,0,1,1,1,1,1,0,0,0,0,1,1,1,1,0,1
522,0,0,1,0,1,0,0,1,0,1,1,1,1,1,1,1,0,0,0,0,1,1,0,1,0,0
523,0,0,0,1,0,0,1,1,1,1,1,1,1,1,0,0,0,0,0,0,0,1,0,1,0,0
524,0,0,0,0,0,1,0,1,0,1,0,1,0,1,1,1,1,1,0,0,1,1,0,1,1,1
525,0,0,1,1,1,1,1,1,0,1,0,1,1,1,0,0,1,1,0,0,0,1,0,1,0,0
526,0,0,1,1,1,1,0,1,0,1,1,1,1,1,1,1,1,1,0,0,0,1,1,1,1,1
527,0,0,1,0,0,0,0,1,1,1,1,1,0,0,0,0,0,0,0,0,0,0,0,1,0,0
528,0,0,0,1,1,1,0,1,0,1,0,1,1,1,0,1,0,0,0,0,1,1,0,1,0,0
529,0,0,2,0,0,1,1,1,1,1,0,1,0,1,1,1,0,0,0,0,1,1,0,1,0,0
530,0,0,2,0,1,0,0,1,1,1,0,1,0,1,0,0,0,0,0,0,0,0,1,1,0,0
531,0,0,0,1,1,1,0,0,1,1,1,1,0,1,0,0,0,0,0,0,1,1,0,1,0,0
532,0,0,2,1,0,1,1,1,1,1,0,1,1,1,1,1,0,0,0,0,1,1,0,1,1,1
533,0,0,1,1,1,0,1,1,0,1,0,1,1,1,1,1,1,1,0,0,0,1,0,1,1,1
534,0,0,-1,1,1,1,1,1,1,1,1,1,0,1,1,1,0,0,0,0,0,0,0,1,0,0
535,0,0,0,0,0,1,1,1,0,0,1,1,1,1,0,0,1,1,0,0,0,1,0,1,1,1
536,0,0,1,1,0,0,0,1,0,1,0,1,1,1,0,1,0,0,0,0,1,1,1,1,1,1
537,0,0,2,0,0,0,0,1,1,1,0,1,1,1,1,1,0,0,0,0,1,1,0,1,1,1
538,0,0,2,1,0,0,0,1,1,1,0,1,0,1,0,0,0,0,0,0,0,0,0,1,1,1
539,0,0,1,0,1,1,0,1,1,1,0,1,1,1,1,1,0,0,0,0,0,1,0,1,1,1
540,0,0,1,0,1,1,0,1,1,1,0,1,1,1,0,0,1,1,0,0,1,1,0,1,0,0
541,0,0,2,0,0,0,0,1,1,1,1,1,0,1,1,1,0,0,0,0,0,0,1,1,1,1
542,0,0,2,1,0,1,0,0,1,1,0,1,0,1,1,1,1,1,0,0,1,1,0,1,0,0
543,0,0,0,1,1,0,0,1,1,1,0,1,1,1,1,1,0,0,0,0,0,0,0,1,0,0
544,0,0,2,1,0,1,1,1,1,1,0,1,0,1,0,0,0,0,0,0,1,1,0,1,0,0
545,0,0,0,1,1,1,0,1,1,1,0,1,1,1,1,1,0,0,0,0,1,1,1,1,0,1
546,0,0,2,0,1,1,1,1,0,1,1,1,0,1,1,1,0,0,0,0,0,1,0,1,0,0
547,0,0,2,1,1,0,1,1,0,1,1,1,1,1,0,0,0,0,0,0,0,0,0,1,1,1
548,0,0,0,1,1,1,0,1,0,1,0,0,0,0,1,1,0,0,0,0,0,1,0,1,0,1
549,0,0,2,0,0,0,0,1,1,1,1,1,1,1,0,0,0,0,0,0,0,0,0,1,0,0
550,0,0,-1,1,1,0,1,1,0,1,1,1,1,1,1,1,0,0,0,0,0,1,0,1,0,0
551,0,0,2,1,0,0,1,1,0,1,0,1,1,1,0,0,1,1,0,0,0,0,0,1,1,1
552,0,0,0,0,1,1,1,1,0,1,0,1,0,1,0,0,0,0,0,0,0,0,0,1,0,0
553,0,0,-1,0,0,0,0,1,1,1,1,1,0,1,0,0,0,0,0,0,1,1,0,1,1,1
554,0,0,-1,1,0,1,1,1,0,1,0,1,1,1,1,1,0,0,0,0,0,1,0,1,1,1
555,0,0,0,1,1,0,0,1,1,1,1,1,0,1,0,0,1,1,0,0,0,1,0,1,1,1
556,0,0,-1,0,0,0,0,1,1,1,1,1,1,1,1,1,0,0,0,0,0,0,0,1,1,1
557,0,0,2,1,1,0,0,1,0,0,1,1,0,1,0,0,1,1,0,0,0,0,0,1,0,0
558,0,0,-1,1,1,1,1,1,1,1,0,1,0,1,1,1,1,1,0,0,1,1,0,1,1,1
559,0,0,2,1,0,1,0,1,0,1,0,1,0,0,1,1,0,0,0,0,0,0,0,1,1,1
560,0,0,1,0,1,1,1,1,1,1,0,1,1,1,1,1,0,0,0,0,0,1,0,1,1,1
561,0,0,1,1,1,1,1,1,0,1,0,1,1,1,1,1,0,0,0,0,1,1,0,1,1,1
562,0,0,1,0,1,0,1,1,1,1,0,1,1,1,1,1,0,0,0,0,1,1,0,1,1,1
563,0,0,1,1,0,0,0,1,0,1,1,1,1,1,1,1,0,0,0,0,1,1,0,1,1,1
564,0,0,-1,0,1,1,1,1,0,1,1,1,1,1,0,0,1,1,0,0,1,1,1,1,0,0
565,0,0,2,1,1,0,1,1,0,1,0,1,1,1,0,0,1,1,0,0,0,1,0,1,0,0
566,0,0,-1,1,0,1,0,1,1,1,0,1,0,1,1,1,0,0,0,0,0,1,0,1,1,1
567,0,0,2,1,1,0,1,1,0,1,1,1,1,1,0,0,0,0,0,0,0,0,0,1,1,1
568,0,0,1,0,0,0,0,1,1,1,1,1,1,1,0,1,1,1,0,0,0,0,0,1,0,0
569,0,0,1,1,1,0,0,1,1,1,0,1,1,1,0,0,1,1,0,0,0,0,1,1,0,1
570,0,0,1,0,1,1,1,1,0,1,0,1,1,1,1,1,1,1,0,0,0,0,0,1,1,1
571,0,0,1,1,0,1,0,1,1,1,1,1,1,1,1,1,1,1,0,0,0,0,0,1,0,0
572,0,0,-1,0,0,1,0,1,0,1,1,1,0,1,0,1,1,1,0,0,1,1,1,1,1,1
573,0,0,2,1,0,1,1,1,0,1,0,1,1,1,1,1,1,1,0,0,0,0,0,1,0,0
574,0,0,2,0,0,0,1,1,0,1,0,1,0,0,1,1,0,0,0,0,1,1,0,1,1,1
575,0,0,0,0,1,0,0,1,1,1,0,1,1,1,0,1,0,0,0,0,0,0,0,1,0,0
576,0,0,-1,0,1,0,0,1,1,1,0,0,1,1,0,1,0,0,0,0,0,1,0,1,1,1
577,0,0,-1,1,0,0,0,1,1,1,0,1,1,1,0,0,0,0,0,0,1,1,0,1,1,1
578,0,0,2,1,0,1,0,1,0,1,0,1,0,0,0,0,1,1,0,0,0,1,0,1,1,1
579,0,0,-1,0,0,0,0,1,1,1,0,1,0,1,0,1,1,1,0,0,1,1,1,1,1,1
580,0,0,-1,1,0,0,1,1,0,1,0,1,1,1,1,1,0,0,0,0,1,1,0,1,0,0
581,0,0,-1,0,0,0,0,0,0,1,0,1,0,1,1,1,0,0,0,0,1,1,0,0,1,1
582,0,0,1,1,1,0,0,0,1,1,0,1,1,1,0,0,0,1,0,0,1,1,1,1,0,0
583,0,0,0,0,0,1,0,1,0,1,1,1,0,0,1,1,0,0,0,0,0,0,0,1,1,1
584,0,0,-1,0,1,0,0,1,0,1,0,1,1,1,0,1,0,0,0,0,0,0,0,1,1,1
585,0,0,1,1,0,1,1,1,0,1,1,1,0,1,0,0,0,0,0,0,0,0,0,1,1,1
586,0,0,0,1,1,1,1,1,1,1,1,1,1,1,1,1,0,0,0,0,1,1,0,1,1,1
587,0,0,0,0,1,1,0,1,1,1,1,1,0,1,0,0,0,0,0,0,1,1,0,1,1,1
588,0,0,0,0,1,0,0,1,1,1,0,1,0,1,1,1,0,0,0,0,0,0,0,1,0,0
589,0,0,2,1,0,0,0,1,0,1,0,1,0,1,0,0,0,0,0,0,1,1,1,1,0,0
590,0,0,-1,0,0,0,1,1,0,1,0,1,1,1,0,1,1,1,0,0,0,0,0,1,0,0
591,0,0,2,1,0,0,1,1,0,1,0,1,0,1,0,0,0,0,0,0,0,0,0,1,1,1
592,0,0,2,0,1,0,1,1,1,1,0,1,0,1,1,1,0,0,0,0,0,0,1,1,1,1
593,0,0,0,0,1,1,0,0,0,1,0,1,0,0,0,0,0,0,0,0,1,1,0,1,1,1
594,0,0,-1,1,1,1,1,1,1,1,0,1,0,1,0,0,1,1,0,0,1,1,0,1,0,0
595,0,0,-1,0,0,1,1,1,0,0,1,1,1,1,0,0,1,1,0,0,0,1,0,1,1,1
596,0,0,-1,0,0,1,1,1,1,1,0,1,0,1,0,0,1,1,0,0,1,1,0,1,0,0
597,0,0,1,0,1,1,1,1,1,1,0,1,1,1,1,1,0,0,0,0,0,0,0,1,0,0
598,0,0,-1,0,1,1,1,1,0,1,0,0,0,0,0,0,0,0,0,0,0,0,0,1,1,1
599,0,0,1,0,0,0,1,1,0,1,1,1,1,1,0,1,0,0,0,0,1,1,0,1,1,1
600,0,0,0,0,1,1,0,1,0,1,1,1,0,1,0,1,1,1,0,0,0,0,1,1,1,1
601,0,0,2,0,0,0,1,1,1,1,1,1,1,1,1,1,0,0,0,0,0,1,0,1,1,1
602,0,0,1,0,1,0,1,1,0,1,0,1,0,1,1,1,0,0,0,0,1,1,0,1,1,1
603,0,0,1,1,0,0,1,1,1,1,0,1,1,1,0,0,0,0,0,0,0,1,1,1,1,1
604,0,0,0,1,0,1,1,1,1,1,0,1,1,1,1,1,1,1,0,0,1,1,0,1,1,1
605,0,0,1,1,1,1,0,1,0,1,0,1,0,1,1,1,0,0,0,0,0,1,0,1,0,0
606,0,0,0,0,1,0,1,1,0,1,1,1,0,1,0,0,1,1,0,0,1,1,0,1,1,1
607,0,0,2,0,1,1,0,1,0,1,0,1,1,1,0,0,0,0,0,0,1,1,0,1,0,0
608,0,0,0,0,1,1,1,1,1,1,1,1,1,1,0,0,0,0,0,0,1,1,0,1,0,1
609,0,0,0,0,1,0,0,1,0,1,0,1,1,1,0,0,0,0,0,0,0,0,1,1,1,1
610,0,0,1,0,1,1,1,1,1,1,0,1,0,0,0,0,0,0,0,0,1,1,0,1,0,0
611,0,0,0,1,0,1,0,1,0,1,0,1,0,1,0,0,0,0,0,0,1,1,0,1,1,1
612,0,0,-1,1,0,0,1,1,0,1,0,1,1,1,1,1,0,0,0,0,1,1,0,1,1,1
613,0,0,1,1,1,0,0,1,0,0,0,1,0,1,0,0,0,0,0,0,0,1,0,1,1,1
614,0,0,0,1,0,0,0,1,1,1,1,1,0,1,1,1,0,0,0,0,1,1,0,1,1,1
615,0,0,0,1,1,0,1,1,1,1,1,1,0,0,0,0,0,0,0,0,1,1,0,1,1,1
616,0,0,0,1,1,0,1,1,0,1,0,0,1,1,0,1,0,0,0,0,1,1,0,1,1,1
617,0,0,2,0,1,1,1,1,0,1,0,1,0,0,0,0,1,1,0,0,0,1,0,1,1,1
618,0,0,1,1,0,1,0,0,1,1,0,1,0,1,1,1,1,1,0,0,1,1,0,1,1,1
619,0,0,0,1,0,0,0,1,1,1,1,1,1,1,0,0,0,0,0,0,0,0,1,1,0,0
620,0,0,1,1,1,1,0,0,1,1,0,1,0,1,0,0,0,1,0,0,1,1,0,1,1,1
621,0,0,-1,0,1,1,1,1,0,1,1,1,1,1,1,1,0,0,0,0,1,1,1,1,0,0
622,0,0,2,1,0,0,0,1,0,1,0,1,0,0,0,0,1,1,0,0,1,1,0,1,0,0
623,0,0,1,0,1,1,0,0,1,1,1,1,1,1,1,1,1,1,0,0,1,1,0,1,1,1
624,0,0,1,0,1,0,0,1,0,1,0,1,1,1,0,0,1,1,0,0,1,1,0,1,1,1
625,0,0,0,0,1,0,1,1,1,1,1,1,0,1,1,1,0,0,0,0,0,1,0,1,1,1
626,0,0,2,1,1,1,1,1,0,1,0,1,0,1,1,1,0,0,0,0,1,1,0,1,0,0
627,0,0,0,1,1,0,0,1,1,1,1,1,1,1,1,1,0,0,0,0,0,1,0,1,0,0
628,0,0,1,0,0,0,0,1,1,1,0,1,1,1,0,1,0,0,0,0,1,1,0,1,1,1
629,0,0,-1,0,0,1,0,0,0,1,0,1,1,1,0,0,1,1,0,0,0,0,0,1,1,1
630,0,0,0,0,1,1,1,1,0,1,0,0,0,0,0,0,1,1,0,0,0,0,0,1,0,0
631,0,0,-1,0,0,0,0,1,1,1,1,1,1,1,1,1,0,0,0,0,1,1,0,1,0,0
632,0,0,-1,0,1,1,1,1,1,1,0,1,1,1,0,0,0,0,0,0,1,1,0,1,0,1
633,0,0,-1,1,1,0,0,1,1,1,1,1,0,1,0,0,1,1,0,0,1,1,0,1,1,1
634,0,0,2,1,0,0,1,1,0,1,1,1,1,1,1,1,0,0,0,0,0,1,0,1,0,0
635,0,0,2,0,0,0,1,1,0,1,1,1,1,1,0,1,0,0,0,0,0,0,1,1,1,1
636,0,0,-1,0,0,1,0,1,0,1,0,0,1,1,0,0,1,1,0,0,0,0,0,1,0,1
637,0,0,2,1,0,1,0,0,0,0,0,1,0,1,1,1,0,0,0,0,1,1,0,1,0,0
638,0,0,0,0,1,0,0,1,1,1,0,1,0,1,1,1,1,1,0,0,1,1,0,1,0,0
639,0,0,2,0,0,0,1,1,0,1,1,1,0,0,0,0,0,0,0,0,0,0,0,1,0,0
640,0,0,0,1,0,1,0,1,0,1,0,1,1,1,0,0,1,1,0,0,0,1,1,1,1,1
641,0,0,1,0,1,0,1,1,1,1,0,1,1,1,0,1,0,0,0,0,0,0,0,1,1,1
642,0,0,1,1,1,1,0,1,0,1,0,1,0,1,0,0,0,0,0,0,1,1,0,1,0,1
643,0,0,0,0,1,1,0,0,0,1,1,1,0,1,0,0,0,0,0,0,0,1,0,1,0,0
644,0,0,2,1,0,0,0,1,0,1,0,1,1,1,0,1,0,0,0,0,1,1,0,1,0,0
645,0,0,1,0,1,0,0,1,1,1,1,1,1,1,1,1,0,0,0,0,0,0,0,1,1,1
646,0,0,-1,0,0,1,1,1,0,0,1,1,1,1,0,1,0,0,0,0,0,0,1,1,1,1
647,0,0,-1,1,1,1,0,1,0,1,0,1,0,0,0,0,1,1,0,0,0,0,0,1,0,1
648,0,0,1,1,0,0,0,1,0,1,0,1,1,1,1,1,0,0,0,0,1,1,0,1,1,1
649,0,0,2,0,0,1,0,0,1,1,0,1,1,1,0,0,0,0,0,0,1,1,0,1,0,1
650,0,0,0,0,0,0,1,1,0,1,1,1,1,1,0,0,0,0,0,0,1,1,0,1,0,0
651,0,0,0,0,1,0,1,1,0,1,0,1,0,1,0,0,0,0,0,0,1,1,0,1,0,1
652,0,0,2,0,1,0,0,1,1,1,0,1,1,1,0,0,1,1,0,0,0,0,0,1,0,1
653,0,0,1,0,1,1,1,1,0,1,0,1,1,1,1,1,1,1,0,0,0,1,0,1,1,1
654,0,0,-1,1,1,0,1,1,1,1,1,1,0,1,0,0,1,1,0,0,1,1,0,1,1,1
655,0,0,-1,1,1,0,0,1,1,1,0,1,1,1,0,1,0,0,0,0,0,1,0,1,1,1
656,0,0,1,1,0,1,1,1,0,1,1,1,1,1,1,1,0,0,0,0,0,0,0,1,0,0
657,0,0,1,1,1,1,0,1,0,0,0,1,0,1,0,0,0,0,0,0,0,1,0,1,0,0
658,0,0,2,0,0,0,1,1,1,1,0,1,1,1,0,1,0,0,0,0,1,1,0,1,0,0
659,0,0,0,0,1,0,0,1,1,1,1,1,0,0,1,1,1,1,0,0,1,1,0,1,1,1
660,0,0,1,0,0,0,0,1,0,1,0,1,0,1,1,1,0,0,0,0,1,1,1,1,0,0
661,0,0,-1,1,0,1,1,1,0,1,0,1,0,1,1,1,1,1,0,0,1,1,1,1,0,0
662,0,0,-1,0,1,1,0,1,0,1,0,1,1,1,1,1,1,1,0,0,1,1,0,1,0,0
663,0,0,1,0,1,0,0,0,0,1,0,1,1,1,0,0,1,1,0,0,1,1,1,1,0,0
664,0,0,0,1,0,1,0,1,1,1,0,1,0,0,0,0,0,1,0,0,1,1,0,1,0,0
665,0,0,-1,1,1,0,0,1,1,1,0,1,0,0,1,1,0,0,0,0,0,0,0,1,0,0
666,0,0,1,0,0,1,0,1,0,1,1,1,1,1,1,1,0,0,0,0,0,1,0,1,1,1
667,0,0,0,0,0,0,0,1,0,0,0,1,0,1,0,0,0,0,0,0,1,1,1,1,1,1
668,0,0,-1,0,1,1,1,1,0,1,1,1,0,0,1,1,0,0,0,0,1,1,0,1,0,1
669,0,0,-1,1,0,1,0,0,0,1,1,1,1,1,0,0,0,0,0,0,1,1,1,1,1,1
670,0,0,1,1,1,1,0,1,0,1,0,1,1,1,1,1,0,0,0,0,0,1,0,1,0,0
671,0,0,1,1,0,0,0,0,0,1,0,1,1,1,0,0,0,0,0,0,1,1,0,1,0,1
672,0,0,0,0,1,1,0,1,0,1,0,1,0,1,0,1,0,0,0,0,1,1,0,1,1,1
673,0,0,0,0,1,1,1,1,0,1,0,1,1,1,1,1,0,0,0,0,0,1,0,1,1,1
674,0,0,-1,1,1,1,1,1,0,1,0,1,0,1,0,0,0,0,0,0,1,1,0,1,0,0
675,0,0,-1,1,1,0,0,1,1,1,0,1,1,1,0,0,0,0,0,0,0,1,1,1,0,0
676,0,0,2,1,1,0,1,1,1,1,0,0,0,0,0,0,0,0,0,0,0,0,0,1,0,1
677,0,0,0,1,0,0,1,1,0,1,0,1,1,1,1,1,1,1,0,0,1,1,0,1,1,1
678,0,0,0,0,0,1,0,1,0,1,1,1,1,1,0,0,0,0,0,0,0,1,0,1,0,0
679,0,0,1,1,1,0,0,1,1,1,0,1,1,1,1,1,1,1,0,0,0,0,0,1,0,0
680,0,0,1,0,0,0,1,1,0,0,0,1,0,1,0,0,0,0,0,0,0,0,0,1,0,0
681,0,0,-1,0,0,1,1,1,1,1,1,1,1,1,0,0,0,0,0,0,1,1,1,1,0,0
682,0,0,2,1,0,1,1,1,0,1,1,1,1,1,0,0,0,0,0,0,0,1,0,1,0,0
683,0,0,-1,1,0,0,0,1,1,1,0,1,1,1,1,1,1,1,0,0,1,1,1,1,0,0
684,0,0,-1,0,0,0,0,1,0,1,1,1,1,1,1,1,0,0,0,0,0,0,1,1,0,1
685,0,0,0,0,1,1,0,1,1,1,0,1,0,1,1,1,1,1,0,0,0,0,1,1,1,1
686,0,0,1,1,1,1,1,1,0,1,1,1,1,1,0,0,1,1,0,0,0,0,0,1,0,1
687,0,0,2,1,1,0,0,0,1,1,0,1,0,0,0,0,1,1,0,0,1,1,1,1,0,0
688,0,0,-1,0,1,0,0,1,1,1,0,1,0,0,1,1,0,0,0,0,0,0,0,1,1,1
689,0,0,1,0,1,1,1,1,0,1,0,1,0,0,1,1,0,0,0,0,1,1,0,1,1,1
690,0,0,-1,0,1,1,1,1,0,1,0,1,1,1,0,0,0,0,0,0,0,1,0,1,1,1
691,0,0,0,1,0,1,0,1,0,1,0,1,0,1,0,0,0,1,0,0,0,0,0,1,0,0
692,0,0,0,0,1,1,1,1,1,1,1,1,0,0,0,0,0,0,0,0,0,0,0,1,1,1
693,0,0,0,1,0,1,0,1,0,1,0,1,1,1,0,0,0,0,0,0,1,1,0,1,1,1
694,0,0,1,1,1,1,1,1,0,1,0,1,1,1,0,0,0,0,0,0,1,1,0,1,1,1
695,0,0,0,1,1,0,0,1,0,1,0,1,0,1,0,0,1,1,0,0,1,1,1,1,0,0
696,0,0,2,1,0,0,0,1,1,1,0,1,0,0,0,0,0,0,0,0,0,0,1,1,1,1
697,0,0,0,0,0,0,0,1,0,1,1,1,0,1,0,0,0,1,0,0,1,1,0,1,1,1
698,0,0,2,1,1,0,1,1,0,1,1,1,0,1,1,1,0,0,0,0,1,1,0,1,1,1
699,0,0,0,0,0,0,0,0,0,1,1,1,1,1,1,1,0,0,0,0,1,1,0,1,1,1
700,0,0,-1,1,1,1,0,1,0,0,0,1,0,0,0,0,0,0,0,0,0,0,1,1,0,0
701,0,0,0,0,0,1,0,1,0,1,0,1,1,1,1,1,0,0,0,0,1,1,0,1,0,0
702,0,0,0,1,0,1,1,1,1,1,1,1,0,1,0,0,1,1,0,0,1,1,0,1,1,1
703,0,0,-1,0,0,0,1,1,0,1,1,1,0,1,0,1,0,0,0,0,0,1,1,1,1,1
704,0,0,2,0,1,0,0,1,0,1,0,1,0,0,0,1,0,0,0,0,1,1,1,1,0,1
705,0,0,1,1,0,0,0,1,0,1,0,1,1,1,1,1,1,1,0,0,1,1,0,1,1,1
706,0,0,-1,1,1,1,0,1,0,1,0,1,1,1,0,0,0,0,0,0,1,1,0,1,0,0
707,0,0,1,0,0,1,0,1,1,1,0,1,1,1,0,1,0,0,0,0,1,1,0,1,1,1
708,0,0,0,0,1,1,0,1,0,1,0,1,0,1,0,0,0,0,0,0,0,1,0,1,1,1
709,0,0,2,1,0,0,0,1,1,1,1,1,0,1,0,0,0,0,0,0,0,0,0,1,1,1
710,0,0,0,1,0,0,1,1,0,1,0,1,1,1,1,1,1,1,0,0,1,1,0,1,1,1
711,0,0,2,0,1,1,0,1,1,1,1,1,0,0,1,1,0,0,0,0,0,1,1,1,1,1
712,0,0,2,1,0,0,1,1,1,1,1,1,1,1,0,0,0,0,0,0,0,0,0,1,0,0
713,0,0,-1,1,0,0,0,1,1,1,1,1,0,0,0,0,0,0,0,0,0,1,1,1,1,1
714,0,0,1,1,0,0,0,1,1,1,0,1,1,1,1,1,0,0,0,0,0,1,0,1,1,1
715,0,0,2,1,1,1,1,1,1,1,1,1,1,1,0,0,0,0,0,0,1,1,1,1,1,1
716,0,0,0,0,0,1,0,0,1,1,0,1,1,1,1,1,1,1,0,0,1,1,0,1,1,1
717,0,0,0,0,1,1,0,1,0,1,0,1,1,1,0,0,0,0,0,0,0,1,0,1,1,1
718,0,0,-1,1,0,0,0,1,0,0,1,1,1,1,1,1,0,0,0,0,0,1,0,1,1,1
719,0,0,1,0,1,0,0,1,1,1,0,1,1,1,1,1,0,0,0,0,0,0,0,1,1,1
720,0,0,2,1,0,0,0,1,0,1,0,0,0,0,0,0,1,1,0,0,1,1,0,1,0,1
721,0,0,0,1,0,1,0,1,0,1,1,1,0,0,1,1,0,0,0,0,0,0,1,1,0,1
722,0,0,0,0,1,1,1,1,1,1,0,1,0,1,1,1,0,0,0,0,1,1,0,1,1,1
723,0,0,0,0,1,0,1,1,0,1,0,0,0,1,0,0,0,0,0,0,0,0,0,1,0,0
724,0,0,0,0,0,0,1,1,0,1,1,1,1,1,1,1,0,0,0,0,1,1,0,1,0,1
725,0,0,0,0,1,1,1,1,1,1,0,1,0,1,1,1,1,1,0,0,0,1,0,1,0,0
726,0,0,2,1,1,0,0,1,0,0,0,1,0,1,0,1,0,0,0,0,1,1,0,1,0,1
727,0,0,0,0,1,1,1,1,0,1,1,1,1,1,1,1,0,0,0,0,0,0,0,1,1,1
728,0,0,2,1,0,0,0,1,0,0,1,1,0,1,0,0,1,1,0,0,0,1,1,1,0,0
729,0,0,2,0,1,1,0,0,0,1,1,1,1,1,0,0,0,0,0,0,0,1,1,1,0,0
730,0,0,0,0,1,1,0,1,0,1,1,1,0,1,0,1,0,0,0,0,1,1,1,1,0,0
731,0,0,0,1,0,1,1,1,1,1,0,1,0,1,1,1,1,1,0,0,1,1,0,1,0,0
732,0,0,2,1,0,0,0,1,0,1,0,1,1,1,1,1,0,0,0,0,1,1,0,1,1,1
733,0,0,2,0,1,0,0,1,0,1,0,1,0,1,1,1,1,1,0,0,0,0,0,1,0,1
734,0,0,-1,0,0,1,1,1,0,1,0,1,0,1,0,0,0,0,0,0,1,1,0,1,0,0
735,0,0,2,1,1,1,0,1,0,1,1,1,0,0,0,0,0,0,0,0,1,1,0,1,0,1
736,0,0,0,0,0,1,0,0,1,1,0,1,1,1,1,1,0,0,0,0,0,0,1,1,1,1
737,0,0,-1,1,0,0,0,1,1,1,0,1,0,0,1,1,0,0,0,0,1,1,0,1,0,0
738,0,0,1,1,1,0,1,1,0,1,0,1,1,1,0,0,0,0,0,0,0,1,0,1,0,1
739,0,0,1,1,1,0,0,1,0,1,0,1,1,1,1,1,0,1,0,0,0,0,0,1,1,1
740,0,0,1,0,0,0,0,1,0,1,0,1,0,1,1,1,0,0,0,0,1,1,1,1,1,1
741,0,0,-1,0,1,0,0,1,0,1,0,1,1,1,0,0,0,0,0,0,0,0,0,1,1,1
742,0,0,1,0,0,0,0,1,1,1,0,1,0,1,0,0,1,1,0,0,0,1,1,1,1,1
743,0,0,2,0,0,1,0,0,0,1,1,1,1,1,1,1,0,0,0,0,1,1,0,1,0,0
744,0,0,-1,1,0,1,1,1,0,1,0,1,0,1,1,1,0,0,0,0,1,1,1,1,1,1
745,0,0,1,1,0,1,0,1,0,1,0,1,1,1,0,0,0,0,0,0,1,1,0,1,0,0
746,0,0,-1,1,1,0,0,1,0,1,0,1,1,1,1,1,0,0,0,0,0,0,0,1,1,1
747,0,0,2,0,1,0,0,1,0,1,0,1,1,1,1,1,0,0,0,0,1,1,0,1,0,1
748,0,0,1,0,0,1,0,1,0,1,0,1,1,1,1,1,1,1,0,0,1,1,0,1,1,1
749,0,0,1,0,0,0,1,1,0,1,0,1,0,0,1,1,0,0,0,0,1,1,0,1,0,1
750,0,0,0,0,0,1,0,1,0,1,1,1,1,1,0,0,0,0,0,0,0,0,1,1,0,0
751,0,0,1,1,0,0,1,1,0,1,0,1,1,1,0,0,0,0,0,0,1,1,0,1,1,1
752,0,0,0,1,1,1,0,1,1,1,0,1,1,1,0,0,0,0,0,0,1,1,0,1,1,1
753,0,0,0,0,1,0,1,1,0,1,0,1,1,1,0,0,1,1,0,0,1,1,0,1,0,0
754,0,0,2,1,0,1,1,1,1,1,0,1,1,1,0,0,1,1,0,0,1,1,0,1,1,1
755,0,0,0,0,1,1,1,1,0,1,0,1,0,0,0,0,1,1,0,0,1,1,0,1,0,0
756,0,0,-1,0,1,1,1,1,1,1,1,1,0,1,0,0,0,0,0,0,0,1,0,1,1,1
757,0,0,-1,1,0,0,0,1,0,1,0,1,1,1,0,0,1,1,0,0,1,1,0,1,1,1
758,0,0,2,1,1,0,1,1,0,1,0,1,0,1,0,0,0,0,0,0,1,1,0,1,0,0
759,0,0,1,0,0,1,0,1,1,1,1,1,0,1,0,0,0,0,0,0,1,1,0,1,1,1
760,0,0,2,1,0,0,0,1,1,1,0,1,0,0,0,0,1,1,0,0,0,0,0,1,1,1
761,0,0,-1,0,1,1,0,1,0,1,1,1,1,1,1,1,0,0,0,0,0,0,0,1,0,1
762,0,0,2,0,1,1,1,1,0,1,0,1,1,1,0,0,1,1,0,0,0,0,0,1,1,1
763,0,0,2,0,1,0,1,1,0,1,1,1,1,1,1,1,1,1,0,0,0,1,1,1,0,1
764,0,0,2,1,1,1,1,1,0,1,1,1,0,0,1,1,1,1,0,0,1,1,1,1,1,1
765,0,0,1,1,1,1,1,1,0,1,0,1,0,1,0,0,0,0,0,0,1,1,0,1,1,1
766,0,0,0,1,0,0,1,1,1,1,0,1,0,0,0,0,0,0,0,0,1,1,0,1,0,1
767,0,0,0,1,1,0,1,1,1,1,1,1,1,1,0,0,0,0,0,0,0,1,1,1,1,1
768,0,0,1,1,1,1,0,1,0,0,1,1,0,0,0,0,0,0,0,0,0,0,0,1,0,1
769,0,0,1,1,0,0,0,1,0,1,0,1,1,1,1,1,0,0,0,0,1,1,0,1,1,1
770,0,0,2,1,1,1,0,1,0,1,0,1,0,0,0,0,0,0,0,0,1,1,1,1,0,0
771,0,0,2,1,0,1,1,1,1,1,0,1,0,1,0,0,0,0,0,0,0,1,1,1,1,1
772,0,0,1,1,1,1,1,1,1,1,0,1,0,1,0,1,1,1,0,0,1,1,0,1,0,0
773,0,0,0,1,0,1,0,1,0,0,0,0,1,1,0,1,0,0,0,0,1,1,1,1,1,1
774,0,0,2,1,0,1,1,1,1,1,0,1,1,1,0,0,0,0,0,0,1,1,1,1,1,1
775,0,0,2,1,0,0,0,1,1,1,1,1,1,1,1,1,0,0,0,0,1,1,1,1,0,1
776,0,0,-1,1,0,1,1,1,0,1,1,1,1,1,0,1,0,0,0,0,1,1,0,1,1,1
777,0,0,0,0,1,1,0,1,1,1,0,1,0,1,1,1,0,0,0,0,1,1,0,1,1,1
778,0,0,2,0,1,1,0,1,1,1,0,1,0,0,0,0,0,0,0,0,0,0,0,1,1,1
779,0,0,-1,0,0,0,1,1,1,1,0,1,0,0,1,1,0,0,0,0,1,1,0,1,0,0
780,0,0,1,0,1,0,1,1,1,1,0,1,1,1,0,0,0,0,0,0,0,0,0,1,0,0
781,0,0,1,0,1,0,0,1,0,1,0,1,1,1,0,0,0,0,0,0,0,1,0,1,1,1
782,0,0,2,1,0,1,0,1,0,1,0,1,1,1,0,0,1,1,0,0,0,1,0,1,0,0
783,0,0,1,1,0,0,1,1,1,1,1,1,0,0,0,0,1,1,0,0,0,0,0,1,1,1
784,0,0,0,1,1,0,0,0,0,1,0,1,0,0,0,0,0,0,0,0,0,1,1,1,0,0
785,0,0,-1,0,1,0,0,1,1,1,0,1,0,1,0,1,0,0,0,0,1,1,0,1,0,0
786,0,0,1,0,0,1,0,1,1,1,1,1,0,0,1,1,1,1,0,0,1,1,0,1,1,1
787,0,0,2,0,1,0,0,1,0,1,1,1,1,1,0,0,0,0,0,0,1,1,0,1,0,0
788,0,0,0,0,0,1,0,1,0,0,0,1,0,0,1,1,0,0,0,0,0,1,1,1,1,1
789,0,0,1,0,0,0,1,1,0,1,1,1,1,1,0,0,0,0,0,0,0,1,0,1,1,1
790,0,0,-1,1,0,0,0,1,0,1,0,0,0,0,0,0,1,1,0,0,1,1,0,1,1,1
791,0,0,2,0,1,1,1,1,0,1,0,1,1,1,1,1,0,0,0,0,0,0,0,1,0,0
792,0,0,2,0,1,0,0,1,0,1,1,1,1,1,0,1,0,0,0,0,1,1,0,1,0,0
793,0,0,-1,1,0,1,1,1,0,1,0,1,0,1,1,1,0,0,0,0,1,1,0,1,0,0
794,0,0,0,1,1,0,0,1,0,1,0,1,1,1,1,1,0,1,0,0,0,0,0,1,0,0
795,0,0,-1,0,0,1,0,0,1,1,0,1,1,1,0,0,1,1,0,0,0,1,0,1,1,1
796,0,0,1,1,0,0,0,1,0,0,1,1,0,1,0,0,0,0,0,0,0,0,0,1,0,0
797,0,0,-1,1,0,1,0,1,0,0,1,1,0,1,1,1,0,1,0,0,1,1,1,1,0,1
798,0,0,0,0,0,0,0,1,0,1,0,1,1,1,0,1,0,1,0,0,0,0,0,1,1,1
799,0,0,-1,1,1,0,0,1,0,1,0,1,1,1,0,0,1,1,0,0,0,0,0,1,0,0
800,0,0,-1,1,0,1,1,1,1,1,0,1,1,1,0,0,0,0,0,0,1,1,0,1,1,1
801,0,0,1,1,1,0,0,1,0,1,0,1,0,1,0,0,0,0,0,0,0,1,1,1,0,0
802,0,0,0,1,0,0,0,1,0,1,1,1,0,1,1,1,0,0,0,0,0,0,0,1,0,1
803,0,0,-1,1,1,1,1,1,1,1,0,0,0,1,0,0,0,0,0,0,0,1,1,1,0,0
804,0,0,2,1,0,0,1,1,0,1,0,1,1,1,0,0,0,0,0,0,1,1,0,1,1,1
805,0,0,0,0,1,1,1,1,0,1,1,1,0,0,1,1,0,0,0,0,0,1,1,1,0,0
806,0,0,-1,1,1,1,1,1,1,1,0,1,0,1,1,1,0,0,0,0,1,1,0,1,0,0
807,0,0,1,1,0,1,1,1,0,1,0,1,1,1,0,1,1,1,0,0,0,1,0,1,0,0
808,0,0,-1,0,1,0,0,1,0,1,0,1,0,1,1,1,0,0,0,0,1,1,1,1,1,1
809,0,0,2,1,1,1,0,1,0,0,0,1,0,0,0,1,0,0,0,0,0,0,0,1,1,1
810,0,0,1,0,0,1,0,1,0,1,0,1,1,1,1,1,0,0,0,0,1,1,0,1,0,0
811,0,0,1,1,1,0,1,1,0,1,0,1,0,1,1,1,0,0,0,0,1,1,0,1,0,0
812,0,0,2,0,1,1,0,1,1,1,0,1,1,1,0,0,0,0,0,0,1,1,0,1,0,0
813,0,0,0,0,0,1,1,1,0,1,1,1,0,1,0,0,0,0,0,0,0,1,0,1,0,0
814,0,0,-1,0,0,0,0,1,1,1,0,1,1,1,0,0,0,0,0,0,0,0,0,1,0,0
815,0,0,0,1,0,1,0,1,0,1,0,1,0,1,0,0,1,1,0,0,0,0,0,1,1,1
816,0,0,-1,0,1,1,1,1,0,1,1,1,0,0,0,0,0,0,0,0,1,1,0,1,0,0
817,0,0,-1,0,1,0,1,1,0,1,0,1,1,1,1,1,0,1,0,0,1,1,0,1,0,1
818,0,0,0,1,0,0,0,1,1,1,0,1,1,1,1,1,1,1,0,0,1,1,0,1,0,0
819,0,0,-1,1,0,0,0,0,0,1,1,1,1,1,1,1,0,1,0,0,1,1,0,1,1,1
820,0,0,1,0,0,1,0,1,0,1,1,1,1,1,0,0,0,0,0,0,1,1,0,1,1,1
821,0,0,2,1,0,1,0,1,1,1,0,1,0,1,0,1,0,0,0,0,1,1,1,1,0,1
822,0,0,1,1,0,0,0,1,0,1,0,1,1,1,0,1,0,1,0,0,0,0,0,1,1,1
823,0,0,1,0,0,0,0,1,1,1,1,1,1,1,1,1,1,1,0,0,1,1,1,1,0,1
824,0,0,2,0,0,0,0,1,1,1,0,1,0,0,0,0,0,0,0,0,1,1,0,1,1,1
825,0,0,0,0,0,1,0,1,1,1,0,1,0,1,1,1,0,0,0,0,0,0,0,1,0,1
826,0,0,-1,1,0,1,0,1,1,1,0,1,0,1,1,1,0,0,0,0,1,1,0,1,0,1
827,0,0,1,1,1,1,1,1,0,0,0,1,0,1,1,1,0,0,0,0,0,0,0,1,0,0
828,0,0,0,0,1,1,1,1,0,1,0,1,1,1,0,0,0,0,0,0,1,1,0,1,1,1
829,0,0,0,1,0,1,0,1,0,1,1,1,1,1,1,1,0,0,0,0,1,1,0,1,1,1
830,0,0,2,1,0,0,0,1,1,1,0,1,1,1,1,1,0,0,0,0,0,0,0,1,1,1
831,0,0,1,1,0,0,0,1,0,1,0,1,0,1,1,1,1,1,0,0,1,1,0,1,0,0
832,0,0,0,1,1,0,0,1,0,1,1,1,0,1,0,0,0,0,0,0,1,1,1,1,1,1
833,0,0,2,0,0,0,0,1,1,1,0,1,0,1,0,1,1,1,0,0,1,1,0,1,0,1
834,0,0,1,0,0,1,1,1,1,1,0,1,0,1,0,0,0,0,0,0,1,1,0,1,0,0
835,0,0,0,0,0,0,0,1,0,1,1,1,1,1,0,1,0,0,0,0,0,1,1,1,0,0
836,0,0,0,1,0,0,1,1,1,1,1,1,1,1,1,1,0,0,0,0,1,1,0,1,1,1
837,0,0,2,1,1,0,0,1,1,1,1,1,0,0,0,1,0,0,0,0,0,0,0,0,0,1
838,0,0,2,1,1,1,1,1,0,1,0,1,1,1,1,1,0,0,0,0,0,0,0,1,0,0
839,0,0,2,1,0,1,0,0,0,1,1,1,0,1,0,0,1,1,0,0,0,0,0,1,1,1
840,0,0,1,1,1,0,0,1,0,1,0,1,0,0,1,1,0,0,0,0,1,1,0,1,0,0
841,0,0,2,0,0,1,1,1,1,1,0,1,1,1,1,1,1,1,0,0,1,1,0,1,0,0
842,0,0,1,1,0,1,1,1,0,0,0,1,1,1,0,0,0,0,0,0,0,0,0,1,0,1
843,0,0,2,1,0,1,0,1,1,1,0,1,1,1,0,1,0,0,0,0,0,1,0,1,1,1
844,0,0,0,1,0,0,0,1,0,1,1,1,0,0,0,0,0,0,0,0,0,0,0,1,0,1
845,0,0,0,0,1,0,0,1,0,1,0,1,1,1,1,1,0,0,0,0,1,1,0,1,1,1
846,0,0,0,0,1,1,0,1,1,1,0,1,1,1,1,1,0,0,0,0,1,1,0,1,1,1
847,0,0,2,1,0,0,0,1,1,1,0,1,0,1,1,1,1,1,0,0,1,1,0,1,0,0
848,0,0,1,0,0,1,1,1,1,1,1,1,0,1,1,1,1,1,0,0,1,1,1,1,0,1
849,0,0,1,1,1,1,1,1,0,1,1,1,1,1,1,1,0,0,0,0,1,1,0,1,0,0
850,0,0,0,0,1,1,1,1,0,1,0,1,1,1,0,0,0,0,0,0,0,0,0,1,0,1
851,0,0,2,0,0,1,0,1,0,1,0,1,1,1,0,0,1,1,0,0,0,0,0,1,1,1
852,0,0,1,1,1,0,0,1,0,1,0,1,0,1,0,0,0,0,0,0,1,1,0,1,0,0
853,0,0,1,0,1,1,0,1,1,1,0,1,0,0,1,1,0,0,0,0,1,1,0,1,1,1
854,0,0,0,0,0,0,0,1,1,1,1,1,1,1,0,0,0,0,0,0,1,1,1,1,0,0
855,0,0,1,0,0,1,0,1,0,0,0,1,0,1,1,1,0,0,0,0,1,1,0,1,0,0
856,0,0,0,1,1,0,0,1,0,1,0,1,0,1,0,0,0,0,0,0,0,0,0,1,1,1
857,0,0,2,1,0,1,1,1,0,0,0,0,1,1,1,1,1,1,0,0,1,1,0,1,1,1
858,0,0,2,1,0,1,0,1,0,1,1,1,1,1,1,1,0,0,0,0,1,1,0,1,1,1
859,0,0,0,1,0,0,0,1,0,1,1,1,0,1,0,0,1,1,0,0,0,1,0,1,0,1
860,0,0,1,0,1,0,0,1,1,1,0,1,1,1,0,1,0,0,0,0,1,1,0,1,0,0
861,0,0,2,0,1,1,0,1,1,1,0,1,1,1,0,1,1,1,0,0,1,1,0,1,1,1
862,0,0,-1,1,0,0,0,1,1,1,0,1,0,0,0,0,0,0,0,0,0,0,0,1,1,1
863,0,0,-1,0,1,1,0,1,1,1,0,1,1,1,0,0,1,1,0,0,0,0,0,1,0,0
864,0,0,-1,0,1,1,1,1,1,1,0,1,1,1,0,0,0,0,0,0,1,1,0,1,1,1
865,0,0,1,0,0,0,1,1,1,1,0,0,0,1,0,1,0,0,0,0,1,1,0,1,1,1
866,0,0,0,0,1,1,1,1,1,1,0,1,0,1,1,1,1,1,0,0,0,0,1,1,1,1
867,0,0,-1,0,1,1,0,1,0,1,1,1,0,1,0,0,0,0,0,0,1,1,0,1,1,1
868,0,0,0,0,1,0,0,1,0,1,0,1,0,0,0,0,1,1,0,0,0,0,0,1,0,1
869,0,0,0,0,0,0,1,1,1,1,0,1,0,0,0,1,1,1,0,0,1,1,0,1,1,1
870,0,0,0,0,0,1,1,1,1,1,0,1,1,1,0,1,1,1,0,0,1,1,0,1,1,1
871,0,0,2,1,1,1,0,1,0,0,1,1,0,1,1,1,0,0,0,0,0,1,0,1,1,1
872,0,0,0,0,0,1,1,1,1,1,0,1,1,1,0,0,0,0,0,0,0,0,0,1,1,1
873,0,0,2,1,0,1,0,1,1,1,0,1,1,1,0,1,0,0,0,0,1,1,0,1,0,0
874,0,0,2,0,1,1,1,1,1,1,1,1,0,1,0,0,1,1,0,0,1,1,0,1,1,1
875,0,0,-1,0,0,0,0,1,0,0,0,1,1,1,0,0,1,1,0,0,0,1,0,1,1,1
876,0,0,-1,1,0,1,0,1,1,1,0,1,0,1,0,0,0,0,0,0,0,0,0,1,1,1
877,0,0,0,1,0,0,1,1,0,1,1,1,1,1,1,1,1,1,0,0,1,1,0,1,0,0
878,0,0,2,1,0,0,0,1,1,1,1,1,0,1,1,1,0,0,0,0,0,1,0,1,1,1
879,0,0,0,0,0,1,0,1,0,1,0,1,0,1,0,0,1,1,0,0,0,1,0,1,0,0
880,0,0,0,0,1,1,0,0,0,1,0,1,1,1,1,1,0,0,0,0,1,1,0,1,0,0
881,0,0,1,0,0,0,1,1,1,1,1,1,0,1,0,0,0,0,0,0,1,1,0,1,0,0
882,0,0,2,0,0,1,1,1,0,1,0,1,1,1,1,1,0,0,0,0,0,1,0,1,1,1
883,0,0,0,0,1,0,0,1,0,1,0,1,1,1,0,0,1,1,0,0,1,1,0,1,1,1
884,0,0,1,1,0,0,0,1,0,1,0,1,1,1,1,1,0,0,0,0,1,1,1,1,1,1
885,0,0,0,0,1,0,1,1,0,1,0,1,0,0,1,1,1,1,0,0,0,1,0,1,1,1
886,0,0,0,1,0,0,1,1,1,1,0,0,0,1,0,0,0,0,0,0,0,1,0,1,0,0
887,0,0,0,1,0,1,0,1,1,1,0,1,1,1,1,1,1,1,0,0,0,0,0,1,0,0
888,0,0,-1,0,0,0,1,1,0,1,0,1,0,0,0,0,0,0,0,0,1,1,0,1,1,1
889,0,0,0,0,1,1,0,1,0,1,0,1,0,1,1,1,0,0,0,0,1,1,1,1,1,1
890,0,0,0,1,0,0,1,1,0,1,0,1,1,1,1,1,0,0,0,0,0,0,0,1,0,0
891,0,0,0,1,1,0,0,1,1,1,1,1,1,1,0,0,1,1,0,0,0,0,0,1,0,1
892,0,0,2,0,1,1,1,1,1,1,0,1,1,1,0,1,0,0,0,0,0,0,0,1,1,1
893,0,0,-1,1,1,0,1,1,0,1,0,1,0,1,0,0,1,1,0,0,0,1,0,1,0,1
894,0,0,2,1,0,1,1,1,0,1,1,1,0,1,0,0,1,1,0,0,0,1,1,1,1,1
895,0,0,0,1,1,0,1,1,1,1,0,1,1,1,0,0,0,0,0,0,1,1,1,1,0,0
896,0,0,0,0,1,1,0,1,0,1,0,1,0,0,1,1,0,0,0,0,0,0,0,1,0,1
897,0,0,-1,1,0,0,1,1,0,1,0,1,0,1,0,0,0,0,0,0,1,1,0,1,0,0
898,0,0,-1,1,0,1,0,1,1,1,1,1,1,1,1,1,0,0,0,0,0,1,1,1,0,1
899,0,0,1,0,0,1,0,1,1,1,0,1,0,1,0,1,0,0,0,0,0,1,0,1,1,1
900,0,0,1,0,0,1,0,1,0,1,0,1,1,1,0,0,0,0,0,0,0,1,1,1,0,1
901,0,0,-1,1,0,0,0,1,0,1,0,1,0,1,1,1,1,1,0,0,0,1,0,1,0,0
902,0,0,0,1,1,1,0,1,0,1,0,1,1,1,0,0,0,0,0,0,1,1,1,1,1,1
903,0,0,2,0,1,0,1,1,1,1,0,1,0,1,0,0,0,0,0,0,1,1,0,1,1,1
904,0,0,-1,0,1,0,0,0,0,0,0,1,1,1,1,1,0,0,0,0,1,1,1,1,1,1
905,0,0,1,1,1,0,0,1,0,1,1,1,0,1,0,0,0,0,0,0,0,1,1,1,0,1
906,0,0,1,1,1,1,0,1,0,1,0,1,0,1,1,1,0,0,0,0,1,1,0,1,0,0
907,0,0,2,0,0,1,0,1,0,1,1,1,1,1,1,1,0,0,0,0,1,1,0,1,0,0
908,0,0,1,0,1,0,0,1,1,1,0,1,0,0,0,0,0,0,0,0,1,1,0,1,0,0
909,0,0,1,0,0,1,1,1,1,1,0,1,1,1,0,0,1,1,0,0,0,1,0,0,0,1
910,0,0,1,0,1,1,0,1,0,1,0,1,0,0,0,0,0,0,0,0,1,1,0,1,1,1
911,0,0,-1,1,1,0,0,0,1,1,0,0,1,1,0,0,0,0,0,0,0,1,0,1,0,0
912,0,0,-1,0,1,0,0,1,1,1,1,1,0,0,0,0,0,0,0,0,0,0,1,1,1,1
913,0,0,1,1,0,0,0,1,0,0,0,1,1,1,0,0,0,0,0,0,1,1,0,1,0,0
914,0,0,-1,1,1,1,1,1,0,1,0,1,0,0,0,0,1,1,0,0,1,1,1,1,1,1
915,0,0,-1,0,1,0,0,0,0,0,0,1,0,0,1,1,1,1,0,0,0,0,0,1,1,1
916,0,0,2,1,0,0,1,1,0,1,1,1,1,1,1,1,0,0,0,0,0,0,0,1,1,1
917,0,0,0,0,0,1,0,1,0,1,0,1,1,1,0,1,1,1,0,0,0,1,0,1,1,1
918,0,0,2,0,1,1,1,1,1,1,0,1,0,0,1,1,0,1,0,0,0,1,0,1,1,1
919,0,0,2,0,0,1,0,1,1,1,0,1,0,1,1,1,0,0,0,0,0,0,1,1,1,1
920,0,0,2,0,1,0,0,1,0,1,1,1,0,0,0,0,1,1,0,0,1,1,0,1,1,1
921,0,0,-1,0,1,1,0,0,1,1,0,1,0,1,0,1,1,1,0,0,1,1,0,1,1,1
922,0,0,-1,0,0,0,1,1,0,1,0,1,0,0,0,0,0,0,0,0,0,1,0,1,1,1
923,0,0,2,1,1,1,1,1,0,1,1,1,0,1,0,0,1,1,0,0,1,1,0,1,0,0
924,0,0,-1,0,0,1,0,1,0,1,1,1,1,1,1,1,1,1,0,0,0,0,1,1,0,0
925,0,0,-1,1,0,1,0,1,0,1,0,1,0,1,0,1,0,0,0,0,0,1,1,1,1,1
926,0,0,1,1,1,0,1,1,1,1,0,1,0,0,1,1,1,1,0,0,1,1,0,1,1,1
927,0,0,-1,0,0,1,0,1,1,1,0,1,0,1,0,0,0,0,0,0,1,1,0,1,0,0
928,0,0,2,1,1,0,1,1,0,1,0,1,0,0,0,0,0,0,0,0,0,1,0,1,1,1
929,0,0,2,0,1,1,0,1,0,1,0,1,0,1,1,1,1,1,0,0,0,1,0,1,0,1
930,0,0,2,1,0,1,0,1,1,1,0,1,0,0,0,0,0,0,0,0,1,1,0,1,0,1
931,0,0,0,0,1,1,0,1,1,1,1,1,0,1,0,0,1,1,0,0,1,1,0,1,1,1
932,0,0,2,1,1,1,1,1,1,1,1,1,1,1,0,0,1,1,0,0,1,1,0,1,0,1
933,0,0,0,1,1,0,1,1,1,1,0,1,0,0,0,0,0,0,0,0,0,0,0,1,1,1
934,0,0,0,1,1,1,1,1,1,1,1,1,0,1,1,1,1,1,0,0,1,1,0,1,1,1
935,0,0,2,0,0,0,1,1,1,1,0,1,1,1,1,1,1,1,0,0,1,1,1,1,1,1
936,0,0,1,0,0,1,0,1,1,1,1,1,1,1,0,0,0,0,0,0,1,1,1,1,1,1
937,0,0,0,0,0,1,0,1,1,1,0,1,0,0,1,1,0,0,0,0,1,1,0,1,1,1
938,0,0,0,0,0,0,0,1,0,1,0,1,1,1,1,1,0,0,0,0,0,0,0,1,1,1
939,0,0,1,1,1,0,0,1,0,1,0,1,1,1,0,1,0,0,0,0,1,1,1,1,0,1
940,0,0,-1,0,1,1,0,1,0,1,1,1,1,1,0,0,1,1,0,0,1,1,0,1,1,1
941,0,0,2,1,0,0,1,1,1,1,1,1,1,1,1,1,0,0,0,0,1,1,0,0,1,1
942,0,0,2,1,0,1,0,1,0,0,0,1,0,1,1,1,1,1,0,0,0,0,0,1,1,1
943,0,0,1,1,1,0,1,1,0,1,1,1,0,1,0,0,0,0,0,0,0,1,0,1,0,1
944,0,0,0,0,1,1,0,1,1,1,1,1,0,1,0,0,0,0,0,0,1,1,0,1,0,0
945,0,0,1,0,0,0,1,1,0,1,1,1,0,1,0,0,0,0,0,0,0,1,0,1,1,1
946,0,0,1,1,0,1,1,1,1,1,0,1,0,0,1,1,1,1,0,0,1,1,0,1,0,0
947,0,0,1,1,1,0,0,1,0,1,1,1,0,0,0,0,0,0,0,0,1,1,0,1,0,1
948,0,0,1,0,1,0,0,1,1,1,0,1,1,1,0,0,0,0,0,0,1,1,1,1,1,1
949,0,0,-1,0,0,0,1,1,0,1,1,1,0,1,0,0,0,0,0,0,0,1,0,1,0,0
950,0,0,0,1,1,0,0,1,1,1,0,1,0,1,1,1,1,1,0,0,0,1,0,1,1,1
951,0,0,0,0,0,0,1,1,1,1,0,1,1,1,1,1,1,1,0,0,0,1,0,1,0,0
952,0,0,1,1,0,0,0,1,1,1,0,1,0,0,1,1,0,0,0,0,1,1,0,1,0,1
953,0,0,1,1,0,0,1,1,0,1,1,1,0,1,1,1,1,1,0,0,1,1,1,1,0,1
954,0,0,1,1,1,0,0,1,1,1,1,1,0,0,0,0,0,0,0,0,0,0,1,1,0,0
955,0,0,-1,0,1,1,1,1,1,1,0,0,0,1,1,1,1,1,0,0,1,1,0,1,0,0
956,0,0,0,1,1,0,1,1,0,1,1,1,0,0,0,0,0,0,0,0,0,1,1,1,1,1
957,0,0,0,1,1,1,1,1,1,1,0,1,1,1,1,1,0,0,0,0,1,1,0,1,0,0
958,0,0,1,0,0,1,0,1,0,1,0,1,1,1,1,1,1,1,0,0,0,0,0,1,1,1
959,0,0,-1,1,0,1,0,1,0,1,0,1,1,1,0,0,0,0,0,0,0,1,0,1,1,1
960,0,0,1,0,0,1,1,1,0,1,1,1,0,0,1,1,0,0,0,0,1,1,1,1,0,0
961,0,0,-1,0,0,0,0,1,0,1,0,1,1,1,1,1,0,0,0,0,1,1,0,1,0,0
962,0,0,2,1,1,1,0,0,0,1,0,1,0,1,1,1,0,0,0,0,1,1,0,1,0,0
963,0,0,0,1,0,1,1,1,1,1,1,1,1,1,1,1,0,0,0,0,0,0,0,1,1,1
964,0,0,1,1,1,1,1,1,0,1,1,1,1,1,1,1,0,0,0,0,0,1,0,1,0,1
965,0,0,0,0,1,0,0,1,0,1,0,1,1,1,0,0,0,0,0,0,1,1,0,1,1,1
966,0,0,1,1,1,1,0,1,0,0,0,1,1,1,0,0,0,0,0,0,0,0,1,1,0,0
967,0,0,2,0,1,1,0,1,0,0,0,1,1,1,0,0,1,1,0,0,0,0,0,1,0,0
968,0,0,1,1,0,1,0,1,0,1,0,1,0,1,0,0,0,0,0,0,1,1,0,1,0,0
969,0,0,0,0,1,1,0,1,1,1,0,1,0,0,1,1,0,0,0,0,1,1,0,1,0,1
970,0,0,1,1,1,0,1,1,0,1,1,1,1,1,1,1,0,0,0,0,0,1,1,1,0,0
971,0,0,0,1,1,1,0,1,0,0,0,1,0,0,0,0,0,0,0,0,0,0,0,1,0,0
972,0,0,-1,0,0,1,1,1,0,1,0,1,1,1,0,0,1,1,0,0,0,0,0,1,1,1
973,0,0,2,0,0,0,0,1,0,1,0,1,1,1,0,0,0,0,0,0,1,1,0,1,1,1
974,0,0,2,1,1,0,1,1,1,1,0,1,0,1,1,1,0,0,0,0,0,0,1,1,0,0
975,0,0,-1,1,0,1,1,1,0,1,0,1,0,0,0,0,1,1,0,0,1,1,1,1,1,1
976,0,0,-1,0,0,1,1,1,0,1,0,1,0,0,0,0,0,0,0,0,0,0,0,1,1,1
977,0,0,2,1,0,1,0,1,0,1,1,1,1,1,0,1,0,0,0,0,0,1,0,1,0,1
978,0,0,1,1,1,0,0,1,0,1,0,1,1,1,1,1,0,0,0,0,0,0,0,1,0,1
979,0,0,2,1,0,0,0,1,0,1,0,1,1,1,1,1,0,0,0,0,0,0,1,1,1,1
980,0,0,1,0,0,0,0,1,0,1,0,1,1,1,0,0,0,0,0,0,1,1,0,1,0,0
981,0,0,-1,0,1,0,0,1,0,0,0,1,1,1,0,0,1,1,0,0,1,1,0,1,0,0
982,0,0,1,0,1,0,0,1,1,1,0,1,0,0,1,1,0,0,0,0,1,1,0,1,0,1
983,0,0,1,0,1,0,1,1,1,1,0,1,1,1,0,0,1,1,0,0,0,1,0,1,1,1
984,0,0,2,1,1,0,1,1,1,1,0,1,0,1,1,1,1,1,0,0,0,1,0,1,0,1
985,0,0,1,1,0,1,1,1,1,1,0,1,0,1,1,1,1,1,0,0,0,0,0,1,1,1
986,0,0,0,1,0,0,1,1,0,1,0,1,1,1,0,0,0,0,0,0,0,1,1,1,0,0
987,0,0,-1,1,0,1,0,1,0,0,1,1,0,0,1,1,0,0,0,0,0,0,0,1,0,0
988,0,0,1,0,0,1,1,1,0,1,0,1,0,1,0,1,0,0,0,0,1,1,0,1,0,0
989,0,0,-1,1,1,0,0,1,0,0,1,1,1,1,0,0,0,0,0,0,1,1,0,1,1,1
990,0,0,0,1,0,0,0,1,0,1,0,1,1,1,0,0,1,1,0,0,0,0,0,1,1,1
991,0,0,2,0,1,0,0,1,0,0,0,1,1,1,0,0,0,0,0,0,0,0,0,1,1,1
992,0,0,1,0,0,1,0,0,0,1,1,1,0,1,0,0,1,1,0,0,0,1,0,1,0,0
993,0,0,0,0,1,0,0,1,0,1,0,1,1,1,0,0,0,0,0,0,0,0,0,1,1,1
994,0,0,0,0,0,1,1,1,0,0,0,1,1,1,0,1,0,1,0,0,1,1,0,1,1,1
995,0,0,2,1,0,1,1,1,1,1,0,1,0,0,0,1,0,0,0,0,0,1,0,1,1,1
996,0,0,0,1,0,1,0,1,1,1,1,1,0,1,0,0,0,0,0,0,0,1,0,1,1,1
997,0,0,-1,1,1,1,1,1,1,1,1,1,1,1,1,1,1,1,0,0,1,1,0,1,1,1
998,0,0,1,0,1,0,0,0,0,1,0,1,1,1,0,1,0,0,0,0,0,0,0,1,0,0
999,0,0,1,1,0,1,0,1,0,1,0,1,1,1,0,0,0,0,0,0,0,1,0,1,0,1
1000,0,0,0,1,1,1,0,1,1,1,1,1,1,1,0,0,1,1,0,0,1,1,0,1,0,0
