"id","mom","dad","age","sex","allele1","allele2","alive","","","","","","","","","","","","","","","","","","","",""
-1000,-1,-1,1,1,1,1,1,0,1,0,1,0,1,0,0,0,0,1,1,0,0,0,0,0,1,1,1
-999,-1,-1,3,0,1,0,1,1,1,1,1,1,1,0,1,1,1,0,1,0,1,0,0,0,0,1,1
-998,-1,-1,3,0,0,0,1,0,0,1,1,0,1,1,1,1,1,0,0,0,0,1,1,1,1,0,0
-997,-1,-1,1,0,0,0,1,0,1,1,1,1,1,0,0,0,0,1,1,0,1,1,1,1,1,0,0
-996,-1,-1,1,0,0,0,1,1,1,0,1,0,1,0,0,1,1,1,1,0,1,0,0,0,1,0,0
-995,-1,-1,0,1,1,1,1,1,1,0,0,0,1,1,1,1,1,0,1,1,1,1,1,1,1,0,0
-994,-1,-1,2,0,0,1,1,0,1,0,1,1,1,0,0,0,0,0,1,1,1,1,1,1,1,0,0
-993,-1,-1,1,0,1,0,1,1,1,0,1,0,1,0,1,1,1,1,1,1,1,1,1,0,1,0,0
-992,-1,-1,0,1,0,1,1,1,1,1,1,0,1,0,1,0,1,0,1,1,1,1,1,0,1,1,1
-991,-1,-1,1,1,1,1,1,0,1,0,1,1,1,0,0,0,1,0,0,0,0,0,0,1,1,0,0
-990,-1,-1,1,1,0,1,1,1,1,1,1,1,1,1,1,0,0,1,1,1,1,1,1,0,1,1,1
-989,-1,-1,0,0,0,1,1,0,1,0,1,1,1,1,1,1,1,0,0,0,0,1,1,1,1,0,0
-988,-1,-1,0,0,1,1,1,1,1,0,1,0,1,0,0,0,0,1,1,1,1,1,1,1,1,0,0
-987,-1,-1,2,0,1,0,1,1,1,1,1,0,1,1,1,0,0,0,1,1,1,0,0,0,1,1,1
-986,-1,-1,2,1,1,0,1,1,1,0,1,1,1,0,1,0,0,1,1,0,0,1,1,0,1,0,0
-985,-1,-1,1,1,1,0,1,0,1,0,1,0,1,0,0,0,0,1,1,0,0,0,0,1,1,1,1
-984,-1,-1,1,0,0,1,1,1,1,0,1,0,1,0,0,0,1,0,0,1,1,1,1,0,1,1,1
-983,-1,-1,3,1,0,0,1,0,1,1,1,1,1,0,1,1,1,1,1,1,1,1,1,0,1,0,1
-982,-1,-1,1,0,1,0,1,0,1,0,1,1,1,1,1,1,1,0,1,0,0,1,1,0,1,1,1
-981,-1,-1,0,1,1,1,1,0,1,1,1,1,1,0,0,1,1,0,1,1,1,0,0,1,1,0,0
-980,-1,-1,2,0,0,1,1,0,1,0,1,0,1,0,0,1,1,0,1,0,1,0,0,0,1,0,0
-979,-1,-1,2,1,0,1,1,0,1,0,0,0,1,1,1,0,0,1,1,0,0,1,1,1,1,1,1
-978,-1,-1,1,0,0,1,1,1,1,0,1,1,1,1,1,0,0,0,1,1,1,0,0,1,1,1,1
-977,-1,-1,0,0,0,0,1,0,1,0,1,1,1,0,0,1,1,1,1,0,0,0,0,1,1,0,1
-976,-1,-1,1,1,0,0,1,0,1,0,1,0,1,0,0,1,1,0,0,1,1,0,0,0,1,1,1
-975,-1,-1,2,0,0,1,1,0,1,0,1,1,1,0,0,0,0,0,0,1,1,0,0,0,1,1,1
-974,-1,-1,2,1,1,1,1,1,1,1,1,0,1,0,0,0,0,1,1,1,1,1,1,0,1,0,1
-973,-1,-1,2,0,0,1,1,0,1,0,1,0,0,0,0,0,0,0,1,0,1,0,0,0,1,0,0
-972,-1,-1,0,0,1,1,1,0,1,1,1,1,1,0,0,0,0,0,0,0,0,0,0,0,1,1,1
-971,-1,-1,2,1,0,0,1,0,1,1,1,0,1,0,0,0,0,0,0,1,1,1,1,0,1,1,1
-970,-1,-1,2,1,1,1,1,0,1,0,1,1,1,1,1,0,1,1,1,0,1,0,0,1,1,1,1
-969,-1,-1,1,1,1,0,1,0,0,0,0,0,1,0,1,0,0,1,1,0,0,1,1,0,1,0,0
-968,-1,-1,1,1,1,1,1,0,1,0,1,0,1,0,0,0,0,1,1,0,0,1,1,0,1,1,1
-967,-1,-1,2,1,0,1,1,0,1,1,1,0,1,0,0,1,1,0,1,1,1,1,1,1,1,0,0
-966,-1,-1,0,0,1,1,1,1,1,1,1,1,1,1,1,0,0,0,0,1,1,1,1,1,1,1,1
-965,-1,-1,2,1,0,1,1,0,1,1,1,1,1,1,1,0,0,1,1,0,0,1,1,0,1,0,0
-964,-1,-1,3,0,1,0,1,1,1,0,1,0,0,1,1,0,1,0,0,0,1,0,0,0,1,1,1
-963,-1,-1,3,1,1,1,1,0,1,0,1,0,1,1,1,0,0,1,1,0,0,0,0,1,1,1,1
-962,-1,-1,1,0,0,1,1,0,1,1,1,0,1,1,1,1,1,0,0,0,0,0,1,1,1,1,1
-961,-1,-1,2,0,0,0,1,0,1,0,1,0,1,0,0,1,1,0,1,0,0,1,1,1,1,0,1
-960,-1,-1,3,0,1,0,1,1,1,0,1,1,1,1,1,1,1,0,1,1,1,1,1,1,1,1,1
-959,-1,-1,2,1,1,0,1,0,1,1,1,1,1,1,1,1,1,1,1,0,0,1,1,1,1,1,1
-958,-1,-1,3,0,0,0,1,0,1,0,1,1,1,0,0,0,1,1,1,0,0,0,0,0,1,1,1
-957,-1,-1,1,1,1,1,1,0,1,0,1,0,1,1,1,0,0,0,1,1,1,1,1,0,0,0,0
-956,-1,-1,0,0,0,0,1,0,1,0,1,1,1,1,1,1,1,1,1,1,1,1,1,1,1,1,1
-955,-1,-1,2,1,1,1,1,0,1,0,1,1,1,1,1,1,1,1,1,1,1,1,1,0,1,1,1
-954,-1,-1,3,1,1,1,1,0,1,0,1,0,1,1,1,0,0,1,1,0,0,0,0,1,1,0,0
-953,-1,-1,2,0,1,0,1,1,1,0,1,1,1,1,1,0,0,1,1,0,0,0,0,0,1,1,1
-952,-1,-1,3,0,0,0,1,0,1,0,0,1,1,0,0,0,1,1,1,0,0,1,1,1,1,1,1
-951,-1,-1,2,0,1,0,1,1,1,0,1,0,1,0,0,1,1,1,1,1,1,0,0,0,0,1,1
-950,-1,-1,2,0,1,0,1,1,1,0,1,0,1,0,1,0,0,0,0,0,0,0,0,0,1,0,1
-949,-1,-1,1,0,0,1,1,0,1,1,1,1,1,1,1,0,0,0,1,1,1,0,0,0,1,0,0
-948,-1,-1,1,1,0,1,1,1,1,0,1,1,1,1,1,0,0,0,1,0,0,0,0,0,1,1,1
-947,-1,-1,0,1,1,0,1,0,1,1,1,0,0,1,1,1,1,1,1,1,1,0,0,0,1,1,1
-946,-1,-1,2,1,1,1,1,0,1,0,1,1,1,1,1,0,1,1,1,0,0,1,1,0,1,0,0
-945,-1,-1,0,1,1,0,1,0,1,1,1,0,1,1,1,0,0,0,0,0,1,0,1,0,1,0,0
-944,-1,-1,1,1,0,0,1,1,1,0,1,1,1,1,1,0,0,0,0,1,1,1,1,0,1,1,1
-943,-1,-1,0,0,0,1,1,1,1,0,1,0,1,1,1,0,1,0,1,0,0,1,1,0,1,1,1
-942,-1,-1,3,1,0,1,1,0,1,1,1,0,0,1,1,0,1,0,0,1,1,1,1,0,1,0,0
-941,-1,-1,1,0,0,1,1,1,1,1,1,0,0,0,0,1,1,1,1,0,0,0,0,0,1,1,1
-940,-1,-1,2,1,0,1,1,0,1,0,1,0,1,0,0,0,0,1,1,1,1,0,0,1,1,0,0
-939,-1,-1,2,1,1,1,1,0,1,0,1,1,1,0,0,0,0,1,1,0,0,1,1,1,1,1,1
-938,-1,-1,3,0,0,0,1,1,1,0,1,1,1,1,1,1,1,0,0,0,0,1,1,1,1,0,0
-937,-1,-1,3,1,0,1,1,0,1,1,1,1,1,0,0,0,1,0,0,0,0,0,1,0,1,0,1
-936,-1,-1,2,1,1,0,1,0,1,0,1,0,1,1,1,1,1,1,1,1,1,1,1,0,1,0,0
-935,-1,-1,2,0,1,1,1,0,1,0,1,1,1,1,1,0,0,1,1,1,1,1,1,0,1,0,0
-934,-1,-1,1,1,1,0,1,0,1,0,1,1,1,1,1,0,0,0,0,1,1,1,1,0,1,0,1
-933,-1,-1,1,0,0,0,1,1,1,0,1,0,1,1,1,0,0,0,1,0,0,0,0,1,1,0,0
-932,-1,-1,1,1,0,0,1,1,1,0,0,0,1,0,0,1,1,1,1,0,0,0,0,0,1,0,1
-931,-1,-1,1,0,0,0,1,0,1,1,1,1,1,1,1,0,0,0,1,0,1,0,0,1,1,1,1
-930,-1,-1,2,0,0,1,1,0,1,1,1,0,1,1,1,1,1,1,1,1,1,1,1,1,1,1,1
-929,-1,-1,1,0,0,1,1,0,1,1,1,1,1,0,0,0,0,0,0,1,1,1,1,0,1,0,1
-928,-1,-1,0,1,1,0,1,0,1,1,1,1,1,1,1,0,0,1,1,0,0,1,1,0,1,0,0
-927,-1,-1,3,0,0,0,1,1,1,1,1,0,1,0,0,0,1,1,1,1,1,0,0,0,0,1,1
-926,-1,-1,3,1,0,0,1,0,1,1,1,1,1,0,1,1,1,1,1,0,0,0,1,0,0,0,0
-925,-1,-1,3,0,1,1,1,1,1,0,1,0,1,0,1,1,1,0,1,1,1,0,0,1,1,1,1
-924,-1,-1,2,0,0,1,1,1,1,0,1,0,1,1,1,0,0,1,1,0,0,0,1,0,1,1,1
-923,-1,-1,1,1,1,0,1,1,1,1,1,0,1,0,0,0,0,1,1,1,1,0,0,1,1,0,0
-922,-1,-1,0,0,1,0,1,0,1,0,1,1,1,0,0,0,0,1,1,1,1,0,0,1,1,1,1
-921,-1,-1,1,1,1,0,1,1,1,1,1,0,1,0,1,0,0,1,1,1,1,0,1,1,1,1,1
-920,-1,-1,3,0,0,0,1,0,1,0,1,0,1,1,1,1,1,0,1,1,1,0,0,0,0,0,0
-919,-1,-1,1,1,0,0,1,0,1,1,1,1,1,1,1,0,0,0,0,1,1,1,1,0,0,0,0
-918,-1,-1,3,0,0,0,1,0,1,0,1,0,1,1,1,1,1,1,1,1,1,0,0,1,1,0,1
-917,-1,-1,2,0,0,1,1,0,1,1,1,1,1,0,1,0,0,0,0,1,1,0,0,0,1,1,1
-916,-1,-1,3,0,0,1,1,0,1,0,1,0,0,0,1,1,1,1,1,0,0,0,0,0,1,1,1
-915,-1,-1,2,1,1,1,1,0,1,1,1,0,1,0,0,0,0,1,1,1,1,1,1,0,0,0,1
-914,-1,-1,1,1,1,1,1,0,1,0,1,1,1,0,1,0,0,1,1,1,1,1,1,1,1,1,1
-913,-1,-1,2,1,0,0,1,0,1,0,1,0,1,0,0,0,1,0,0,1,1,1,1,0,1,0,0
-912,-1,-1,1,1,1,1,1,1,1,1,1,0,0,1,1,0,0,1,1,0,1,0,0,0,0,1,1
-911,-1,-1,3,1,0,1,1,1,1,1,1,0,1,1,1,1,1,0,0,0,0,1,1,1,1,1,1
-910,-1,-1,2,0,0,0,1,1,1,1,1,0,1,0,0,1,1,0,0,0,0,0,1,1,1,0,0
-909,-1,-1,1,0,0,1,1,1,1,1,1,0,1,1,1,1,1,1,1,0,0,0,0,1,1,1,1
-908,-1,-1,2,1,1,0,1,0,1,0,1,1,1,0,0,0,1,1,1,1,1,0,0,1,1,0,1
-907,-1,-1,3,1,1,1,1,0,1,0,1,1,1,0,1,1,1,0,0,1,1,1,1,0,1,0,0
-906,-1,-1,1,0,1,0,1,1,1,1,1,0,1,1,1,1,1,1,1,0,0,0,1,0,1,0,1
-905,-1,-1,3,0,0,1,1,1,1,1,1,1,1,1,1,0,0,0,1,1,1,0,0,1,1,1,1
-904,-1,-1,3,0,0,1,1,0,1,1,1,0,1,1,1,1,1,0,0,1,1,0,0,1,1,1,1
-903,-1,-1,3,0,0,1,1,0,1,1,1,0,1,0,1,1,1,0,0,0,0,1,1,1,1,0,0
-902,-1,-1,0,0,0,1,1,0,0,0,1,1,1,1,1,0,0,1,1,0,0,0,0,1,1,1,1
-901,-1,-1,1,1,1,0,1,0,1,1,1,0,1,1,1,1,1,0,0,1,1,1,1,0,1,1,1
-900,-1,-1,3,1,0,0,1,1,1,0,1,0,0,1,1,0,0,0,1,1,1,0,0,1,1,0,1
-899,-1,-1,3,1,0,0,1,0,1,0,1,1,1,0,1,1,1,1,1,0,0,0,1,1,1,0,0
-898,-1,-1,2,0,0,0,1,0,1,0,1,0,1,1,1,0,0,0,1,1,1,1,1,0,0,1,1
-897,-1,-1,1,1,0,1,1,0,1,0,1,0,1,1,1,0,0,0,0,1,1,1,1,0,1,1,1
-896,-1,-1,2,1,0,0,1,0,1,1,1,0,1,1,1,0,0,0,1,1,1,1,1,1,1,1,1
-895,-1,-1,2,1,1,0,1,1,1,0,1,1,1,1,1,1,1,1,1,0,0,0,0,0,1,0,0
-894,-1,-1,0,1,0,1,1,0,1,0,1,1,1,0,0,0,0,0,0,0,0,0,0,0,1,0,0
-893,-1,-1,0,1,1,1,1,1,1,0,1,1,1,0,0,1,1,0,0,1,1,1,1,0,0,0,0
-892,-1,-1,3,1,0,0,1,0,1,0,1,0,1,1,1,0,0,1,1,1,1,0,0,0,1,1,1
-891,-1,-1,2,0,0,0,1,0,1,0,1,1,1,0,0,0,0,1,1,1,1,1,1,1,1,1,1
-890,-1,-1,0,0,1,0,1,0,1,0,1,1,1,0,1,0,0,0,1,1,1,0,1,1,1,1,1
-889,-1,-1,3,1,1,1,1,1,1,1,1,1,1,0,1,0,0,1,1,1,1,0,0,0,0,1,1
-888,-1,-1,3,0,0,1,1,0,1,0,1,1,1,0,0,1,1,0,1,0,1,0,0,1,1,0,1
-887,-1,-1,2,0,1,0,1,1,1,0,1,1,1,1,1,1,1,0,1,1,1,1,1,0,1,0,1
-886,-1,-1,3,0,0,0,1,0,1,0,1,0,1,1,1,0,0,1,1,0,0,1,1,0,1,1,1
-885,-1,-1,1,0,0,0,1,0,1,0,1,0,1,1,1,0,0,1,1,1,1,1,1,0,1,0,0
-884,-1,-1,3,1,0,0,1,0,1,0,1,0,1,1,1,1,1,0,1,1,1,1,1,0,1,1,1
-883,-1,-1,1,1,0,1,1,1,1,1,1,0,1,0,1,0,0,0,0,1,1,0,0,0,1,0,1
-882,-1,-1,0,0,0,0,1,1,1,0,1,0,1,1,1,0,0,1,1,1,1,1,1,0,1,0,0
-881,-1,-1,2,1,0,1,1,0,1,1,1,0,0,0,0,0,0,0,1,1,1,1,1,0,1,1,1
-880,-1,-1,2,1,1,0,1,0,1,1,1,1,1,0,0,1,1,0,0,0,0,1,1,0,1,1,1
-879,-1,-1,3,0,1,1,1,0,1,0,1,0,1,1,1,1,1,1,1,0,0,0,0,0,1,0,0
-878,-1,-1,3,0,1,1,1,0,1,0,1,0,1,0,0,1,1,1,1,0,1,0,0,1,1,1,1
-877,-1,-1,2,1,0,0,1,0,1,0,1,0,0,1,1,1,1,1,1,1,1,1,1,0,1,0,0
-876,-1,-1,0,0,0,1,1,1,1,1,1,1,1,1,1,1,1,0,0,1,1,1,1,1,1,1,1
-875,-1,-1,2,0,1,1,1,0,1,0,1,0,1,0,0,1,1,1,1,0,0,0,0,0,1,0,0
-874,-1,-1,0,1,1,0,1,0,0,0,1,1,1,1,1,0,1,1,1,0,0,1,1,1,1,0,0
-873,-1,-1,2,0,0,0,1,1,1,1,1,0,0,0,0,0,0,0,0,1,1,0,0,0,1,1,1
-872,-1,-1,0,1,0,0,1,0,1,0,1,1,1,1,1,0,0,1,1,1,1,0,0,0,1,1,1
-871,-1,-1,0,1,1,1,1,0,1,0,1,0,1,1,1,0,1,1,1,1,1,0,1,1,1,1,1
-870,-1,-1,0,1,0,0,1,0,1,0,1,1,1,1,1,1,1,0,0,1,1,0,0,0,1,1,1
-869,-1,-1,0,0,1,0,1,0,1,1,1,1,1,1,1,0,0,0,0,1,1,0,0,1,1,0,1
-868,-1,-1,1,0,0,1,1,1,1,1,1,0,1,0,0,1,1,1,1,0,0,0,1,0,1,0,0
-867,-1,-1,1,0,1,0,1,1,1,0,1,0,1,0,0,1,1,1,1,0,0,1,1,0,1,1,1
-866,-1,-1,3,0,1,1,1,0,1,0,1,1,1,1,1,0,0,0,0,0,0,0,0,0,1,1,1
-865,-1,-1,1,1,1,0,1,1,1,0,1,0,1,1,1,0,0,0,1,0,0,0,0,0,1,0,1
-864,-1,-1,0,0,0,1,1,0,1,0,1,0,1,1,1,1,1,0,0,0,0,0,0,0,1,0,0
-863,-1,-1,3,1,1,1,1,1,1,1,1,1,1,0,0,0,0,1,1,1,1,0,0,1,1,0,0
-862,-1,-1,2,1,0,1,1,1,1,1,1,1,1,1,1,0,0,0,0,0,0,1,1,1,1,0,1
-861,-1,-1,3,1,1,0,1,1,1,0,1,0,1,1,1,0,0,0,0,0,1,0,0,1,1,1,1
-860,-1,-1,1,0,1,0,1,1,1,0,1,0,1,0,0,1,1,0,1,1,1,0,1,1,1,0,0
-859,-1,-1,0,1,1,0,1,1,1,0,1,1,1,0,1,0,0,1,1,1,1,0,0,1,1,0,1
-858,-1,-1,3,0,0,0,1,1,1,0,1,1,1,0,0,1,1,0,1,0,0,0,0,1,1,1,1
-857,-1,-1,0,1,1,1,1,1,1,0,1,0,1,0,1,1,1,0,0,0,0,0,0,0,1,1,1
-856,-1,-1,2,1,0,1,1,0,1,1,1,0,1,0,0,1,1,0,0,0,0,0,0,0,1,1,1
-855,-1,-1,0,0,0,1,1,0,1,0,0,1,1,1,1,0,0,0,0,1,1,1,1,1,1,1,1
-854,-1,-1,2,1,0,0,1,0,1,0,1,1,1,0,0,0,0,0,0,1,1,0,0,0,1,0,0
-853,-1,-1,1,1,1,0,1,0,1,0,1,0,1,1,1,1,1,1,1,1,1,1,1,1,1,0,0
-852,-1,-1,2,0,0,1,1,0,1,0,1,1,1,0,0,1,1,0,0,0,0,1,1,1,1,0,1
-851,-1,-1,3,0,1,1,1,1,1,0,1,0,0,0,0,0,0,1,1,0,0,1,1,0,1,0,0
-850,-1,-1,1,1,0,0,1,1,1,0,1,1,1,0,0,1,1,1,1,0,0,0,0,0,1,1,1
-849,-1,-1,1,1,0,0,1,0,1,1,1,0,1,0,0,1,1,0,0,0,0,0,0,0,1,0,0
-848,-1,-1,1,0,1,1,1,0,1,0,1,1,1,0,0,0,0,1,1,0,1,0,0,1,1,1,1
-847,-1,-1,2,0,0,0,1,1,1,0,1,1,1,1,1,1,1,1,1,0,1,1,1,1,1,1,1
-846,-1,-1,1,1,1,1,1,0,1,0,1,0,1,0,0,0,1,1,1,0,1,0,0,0,1,0,0
-845,-1,-1,1,1,0,1,1,0,1,0,1,1,1,0,0,1,1,1,1,0,0,0,0,0,1,0,0
-844,-1,-1,1,1,0,0,1,0,1,1,1,1,1,0,1,1,1,0,0,0,0,0,0,1,1,0,0
-843,-1,-1,2,1,1,0,1,0,1,0,1,1,1,1,1,1,1,1,1,1,1,0,0,1,1,0,0
-842,-1,-1,3,0,0,0,1,0,1,0,1,0,1,1,1,1,1,0,1,0,0,0,1,0,1,1,1
-841,-1,-1,3,1,1,0,1,1,1,0,1,0,0,1,1,0,1,0,1,0,0,0,0,1,1,1,1
-840,-1,-1,0,1,0,0,1,0,1,0,0,0,1,0,0,0,0,0,0,0,0,1,1,1,1,0,0
-839,-1,-1,2,1,1,1,1,1,1,0,1,0,1,1,1,0,0,1,1,1,1,0,1,1,1,1,1
-838,-1,-1,2,0,1,1,1,1,1,0,1,1,1,0,0,1,1,1,1,0,0,1,1,1,1,0,1
-837,-1,-1,2,0,1,1,1,0,1,0,1,0,1,0,0,1,1,1,1,0,0,1,1,0,1,0,0
-836,-1,-1,0,1,0,1,1,0,1,0,1,0,1,0,1,0,0,0,1,1,1,1,1,1,1,0,0
-835,-1,-1,0,0,1,0,1,0,1,0,1,1,1,0,0,0,0,0,0,0,0,1,1,0,1,1,1
-834,-1,-1,0,0,0,1,1,1,1,0,1,0,1,1,1,1,1,1,1,1,1,1,1,0,1,1,1
-833,-1,-1,0,1,0,1,1,0,1,1,1,0,1,0,1,1,1,0,1,1,1,0,0,1,1,1,1
-832,-1,-1,1,0,0,0,1,0,1,1,1,0,1,1,1,0,0,1,1,1,1,0,0,0,1,0,0
-831,-1,-1,2,1,0,1,1,0,1,0,1,1,1,1,1,1,1,1,1,1,1,0,1,1,1,1,1
-830,-1,-1,3,0,1,1,1,0,1,0,1,0,1,0,0,1,1,1,1,1,1,0,0,0,1,0,0
-829,-1,-1,3,1,0,1,1,0,1,0,1,0,1,1,1,0,0,0,1,0,0,0,0,1,1,0,0
-828,-1,-1,0,0,1,0,1,0,1,0,1,1,1,0,1,0,0,0,0,1,1,1,1,0,1,0,0
-827,-1,-1,2,1,0,0,1,0,1,0,1,1,1,0,1,0,1,1,1,1,1,0,0,1,1,0,1
-826,-1,-1,2,0,1,0,1,1,1,1,1,0,1,1,1,0,0,1,1,1,1,1,1,0,1,1,1
-825,-1,-1,3,0,1,0,1,1,1,0,0,0,0,0,1,0,0,0,0,1,1,1,1,1,1,1,1
-824,-1,-1,2,0,1,1,1,0,1,1,1,0,1,1,1,0,0,1,1,1,1,0,0,1,1,1,1
-823,-1,-1,2,0,0,0,1,0,1,0,0,1,1,0,0,1,1,0,0,1,1,0,0,0,0,0,1
-822,-1,-1,0,0,1,1,1,0,1,0,1,0,1,0,0,1,1,1,1,1,1,1,1,1,1,0,0
-821,-1,-1,3,1,1,0,1,0,1,1,1,0,1,1,1,0,0,0,0,0,1,0,0,1,1,1,1
-820,-1,-1,2,0,1,0,1,0,1,1,1,1,1,1,1,1,1,1,1,0,0,0,0,0,0,1,1
-819,-1,-1,1,0,1,0,1,0,1,1,1,1,1,0,0,0,0,1,1,0,0,1,1,0,1,0,1
-818,-1,-1,0,1,1,0,1,0,1,0,1,0,1,1,1,0,0,0,1,0,0,0,0,1,1,0,1
-817,-1,-1,2,0,0,1,1,0,1,0,1,0,1,0,0,0,0,0,0,0,1,0,0,0,1,1,1
-816,-1,-1,3,1,0,0,1,0,1,0,1,0,1,0,1,0,0,1,1,1,1,0,1,0,1,0,1
-815,-1,-1,1,1,1,1,1,0,1,0,1,0,1,1,1,1,1,1,1,1,1,1,1,0,0,0,0
-814,-1,-1,1,0,0,0,1,0,1,0,0,1,1,1,1,0,0,1,1,0,1,0,1,1,1,0,1
-813,-1,-1,1,1,1,0,1,1,1,0,1,0,1,0,0,1,1,1,1,1,1,1,1,1,1,1,1
-812,-1,-1,3,1,1,1,1,0,1,0,1,0,0,1,1,0,0,0,0,0,1,1,1,1,1,0,1
-811,-1,-1,0,0,0,0,1,1,1,0,1,0,1,0,1,0,0,0,0,1,1,1,1,1,1,0,0
-810,-1,-1,3,0,1,1,1,0,1,0,1,0,1,1,1,1,1,0,0,1,1,1,1,0,1,1,1
-809,-1,-1,0,1,0,1,1,0,1,0,1,1,1,0,1,0,0,1,1,1,1,0,0,1,1,0,0
-808,-1,-1,2,0,1,1,1,0,1,0,0,0,1,1,1,0,0,0,0,1,1,1,1,1,1,0,1
-807,-1,-1,2,1,0,1,1,0,1,0,1,1,1,0,0,1,1,1,1,0,0,1,1,0,1,0,0
-806,-1,-1,2,0,1,0,1,1,1,1,1,1,1,0,0,1,1,0,1,1,1,0,0,0,1,1,1
-805,-1,-1,2,0,0,1,1,1,1,1,1,0,1,1,1,1,1,1,1,1,1,0,0,1,1,1,1
-804,-1,-1,3,0,1,0,1,0,1,1,1,0,1,1,1,1,1,1,1,1,1,0,0,0,1,1,1
-803,-1,-1,0,1,1,1,1,1,1,0,1,0,1,0,0,1,1,0,1,1,1,1,1,1,1,1,1
-802,-1,-1,1,0,0,0,1,0,1,0,1,0,1,1,1,0,0,0,1,0,0,1,1,1,1,1,1
-801,-1,-1,0,1,1,1,1,0,1,1,1,0,1,1,1,0,0,0,1,0,0,0,0,1,1,1,1
-800,-1,-1,1,0,1,0,1,1,1,1,1,1,1,0,1,1,1,0,0,1,1,0,0,1,1,0,0
-799,-1,-1,0,0,0,1,1,0,1,0,1,1,1,1,1,1,1,1,1,0,0,0,0,0,1,0,0
-798,-1,-1,3,0,1,1,1,0,1,0,1,0,1,1,1,1,1,0,1,1,1,1,1,1,1,0,0
-797,-1,-1,3,0,1,0,1,0,1,0,1,0,1,1,1,1,1,0,0,0,0,1,1,0,1,1,1
-796,-1,-1,3,0,1,0,1,1,1,1,1,1,1,0,0,0,0,0,0,1,1,0,0,0,1,1,1
-795,-1,-1,3,1,1,1,1,0,1,0,1,1,1,1,1,1,1,1,1,1,1,0,0,0,1,0,0
-794,-1,-1,1,1,0,0,1,0,1,0,1,0,1,0,1,0,0,1,1,1,1,0,0,1,1,1,1
-793,-1,-1,1,1,0,1,1,0,1,0,1,0,1,1,1,0,0,0,0,1,1,1,1,1,1,1,1
-792,-1,-1,3,1,1,0,1,0,1,0,1,0,0,1,1,0,0,1,1,0,0,1,1,1,1,1,1
-791,-1,-1,2,1,0,1,1,1,1,1,1,0,1,1,1,0,1,1,1,0,0,1,1,0,1,1,1
-790,-1,-1,2,1,0,0,1,0,1,0,1,0,1,1,1,0,0,1,1,1,1,1,1,0,1,1,1
-789,-1,-1,2,0,1,0,1,0,0,0,1,0,1,0,0,1,1,1,1,1,1,1,1,1,1,1,1
-788,-1,-1,3,0,0,0,1,1,1,0,1,0,1,0,0,1,1,1,1,1,1,1,1,1,1,0,0
-787,-1,-1,2,0,0,0,1,1,1,0,1,0,1,1,1,0,0,1,1,0,0,1,1,0,1,0,0
-786,-1,-1,2,1,1,1,1,0,1,0,1,1,1,1,1,0,0,0,1,0,0,1,1,0,1,1,1
-785,-1,-1,3,0,1,1,1,0,1,0,1,0,1,1,1,0,1,1,1,1,1,0,0,0,0,0,1
-784,-1,-1,2,0,0,0,1,0,1,0,1,1,1,1,1,1,1,0,0,0,0,1,1,1,1,0,1
-783,-1,-1,0,0,1,0,1,0,1,1,1,1,1,0,0,0,0,1,1,0,1,0,0,0,0,0,0
-782,-1,-1,0,1,1,0,1,1,1,0,1,1,1,0,0,0,0,0,0,0,1,0,0,1,1,0,0
-781,-1,-1,0,1,0,1,1,0,1,0,1,1,1,0,1,1,1,0,1,0,0,1,1,0,1,1,1
-780,-1,-1,2,1,0,0,1,0,1,0,1,1,1,0,0,0,0,0,0,0,1,0,0,1,1,1,1
-779,-1,-1,1,0,1,1,1,1,1,1,1,0,1,1,1,0,0,0,0,1,1,1,1,0,1,0,0
-778,-1,-1,2,0,1,0,1,0,1,1,1,1,1,1,1,0,0,0,0,1,1,0,1,1,1,0,0
-777,-1,-1,1,0,0,1,1,0,1,0,1,0,1,0,1,0,1,0,0,1,1,0,0,0,1,0,0
-776,-1,-1,1,0,0,1,1,0,1,1,1,1,1,1,1,0,0,0,0,0,0,1,1,0,1,0,1
-775,-1,-1,3,0,1,1,1,0,1,0,1,1,1,0,0,0,0,1,1,0,0,0,0,0,1,0,1
-774,-1,-1,2,1,1,0,1,0,1,0,1,0,1,1,1,1,1,0,0,0,1,0,0,0,1,1,1
-773,-1,-1,2,1,0,1,1,0,1,0,1,0,1,1,1,1,1,0,0,1,1,0,0,1,1,0,0
-772,-1,-1,3,1,0,0,1,1,1,1,1,0,1,0,1,1,1,0,0,0,0,1,1,1,1,1,1
-771,-1,-1,0,0,0,0,1,0,1,0,1,0,1,1,1,1,1,0,0,0,0,0,0,0,1,0,0
-770,-1,-1,3,1,1,0,1,0,1,0,1,1,1,0,0,0,0,1,1,0,0,1,1,0,0,0,0
-769,-1,-1,0,0,0,0,1,0,1,0,1,0,1,0,1,1,1,0,0,1,1,0,1,0,1,0,0
-768,-1,-1,1,1,0,1,1,0,1,0,1,0,1,1,1,0,0,1,1,0,0,1,1,1,1,1,1
-767,-1,-1,3,1,0,0,1,0,1,1,1,1,1,1,1,0,0,1,1,1,1,1,1,0,1,1,1
-766,-1,-1,0,0,0,0,1,0,1,0,1,0,0,0,0,0,0,0,1,1,1,0,1,0,1,1,1
-765,-1,-1,2,1,1,0,1,1,1,1,1,0,1,0,0,0,0,0,0,1,1,1,1,0,1,1,1
-764,-1,-1,1,1,1,1,1,0,1,1,1,0,1,1,1,0,1,1,1,1,1,1,1,1,1,0,1
-763,-1,-1,1,0,0,1,1,1,1,0,1,0,1,0,0,0,0,0,0,1,1,0,1,0,1,0,1
-762,-1,-1,1,1,1,1,1,0,1,1,1,0,1,0,1,0,0,1,1,0,0,0,0,1,1,1,1
-761,-1,-1,2,0,0,1,1,0,1,0,1,0,1,0,0,1,1,1,1,1,1,0,0,0,1,0,0
-760,-1,-1,0,0,1,0,1,0,1,0,1,1,1,1,1,1,1,1,1,1,1,1,1,1,1,0,0
-759,-1,-1,3,0,0,0,1,0,1,0,1,0,0,1,1,0,0,0,1,0,0,0,0,1,1,1,1
-758,-1,-1,0,1,1,0,1,0,1,0,1,0,1,1,1,0,0,1,1,0,0,0,1,0,0,1,1
-757,-1,-1,2,0,1,0,1,0,1,0,1,0,0,1,1,0,0,0,1,1,1,0,0,1,1,0,0
-756,-1,-1,3,1,0,1,1,0,1,1,1,0,1,1,1,1,1,0,0,1,1,0,0,0,1,1,1
-755,-1,-1,2,0,1,1,1,0,0,0,1,0,1,0,0,0,0,1,1,0,0,0,1,1,1,0,0
-754,-1,-1,0,0,1,0,1,0,1,0,1,0,1,1,1,0,0,1,1,0,1,1,1,0,1,1,1
-753,-1,-1,2,0,1,0,1,0,1,0,1,0,0,1,1,0,1,0,0,0,0,1,1,1,1,0,0
-752,-1,-1,0,0,0,0,1,1,1,0,1,0,1,0,1,1,1,1,1,0,0,0,1,1,1,0,1
-751,-1,-1,3,1,1,0,1,1,1,0,1,0,1,1,1,0,0,1,1,0,0,1,1,0,1,0,0
-750,-1,-1,3,1,0,1,1,1,1,0,1,0,1,1,1,1,1,1,1,1,1,1,1,1,1,1,1
-749,-1,-1,3,1,1,1,1,1,1,1,1,0,1,0,0,0,0,1,1,0,1,0,0,0,1,1,1
-748,-1,-1,0,1,1,0,1,1,1,0,1,1,1,0,0,1,1,0,1,0,0,1,1,1,1,1,1
-747,-1,-1,1,0,1,1,1,0,1,0,1,0,1,0,0,1,1,1,1,1,1,0,0,1,1,0,0
-746,-1,-1,3,1,0,1,1,1,1,0,1,1,1,0,0,0,0,1,1,1,1,1,1,0,1,1,1
-745,-1,-1,2,0,0,1,1,0,1,0,1,1,1,1,1,0,0,0,0,0,1,0,1,0,1,1,1
-744,-1,-1,2,0,0,0,1,0,1,1,1,1,1,0,1,1,1,0,0,1,1,0,0,1,1,0,0
-743,-1,-1,3,1,0,1,1,0,1,0,1,0,1,1,1,1,1,1,1,0,1,1,1,0,1,1,1
-742,-1,-1,2,1,0,0,1,1,1,0,1,0,1,0,1,1,1,0,1,0,1,0,0,1,1,0,0
-741,-1,-1,0,0,1,1,1,0,1,1,1,1,1,0,1,0,1,1,1,0,1,0,0,0,0,1,1
-740,-1,-1,0,1,1,1,1,0,1,1,1,0,1,0,0,1,1,0,0,0,0,1,1,0,1,0,0
-739,-1,-1,3,0,1,0,1,0,1,0,1,1,1,0,0,1,1,0,1,1,1,0,0,0,1,1,1
-738,-1,-1,3,0,0,1,1,0,1,0,1,1,1,0,1,1,1,1,1,0,0,0,0,0,1,0,1
-737,-1,-1,1,1,1,1,1,0,1,0,1,0,1,0,0,1,1,0,1,1,1,1,1,1,1,0,0
-736,-1,-1,2,1,0,0,1,0,1,0,1,1,1,0,0,0,0,1,1,1,1,1,1,0,0,0,1
-735,-1,-1,3,0,0,1,1,1,1,1,1,0,1,1,1,0,0,1,1,1,1,0,0,1,1,0,1
-734,-1,-1,0,1,0,1,1,1,1,1,1,1,1,1,1,1,1,0,1,1,1,0,0,1,1,0,1
-733,-1,-1,0,0,1,1,1,1,1,0,1,1,1,1,1,1,1,0,0,0,0,1,1,0,0,0,0
-732,-1,-1,3,1,1,1,1,0,1,1,1,1,1,1,1,0,0,1,1,0,1,1,1,0,1,1,1
-731,-1,-1,2,0,1,0,1,1,1,1,1,1,1,0,0,1,1,0,0,0,0,0,0,0,1,0,1
-730,-1,-1,2,0,0,1,1,0,1,0,1,1,1,1,1,0,0,1,1,1,1,0,0,0,1,0,0
-729,-1,-1,2,0,0,1,1,0,0,1,1,0,1,0,0,1,1,1,1,0,1,0,0,0,0,1,1
-728,-1,-1,0,1,1,0,1,0,1,1,1,0,1,1,1,0,0,0,1,1,1,0,0,0,1,1,1
-727,-1,-1,0,0,1,1,1,0,1,0,1,0,1,0,0,0,0,0,1,1,1,1,1,1,1,0,0
-726,-1,-1,0,0,0,0,1,0,1,0,1,0,1,1,1,1,1,1,1,0,0,1,1,0,0,0,0
-725,-1,-1,1,0,0,1,1,0,1,0,1,1,1,1,1,1,1,0,1,1,1,0,0,0,1,0,1
-724,-1,-1,2,1,0,1,1,0,1,0,1,1,1,0,0,1,1,1,1,1,1,0,0,1,1,1,1
-723,-1,-1,1,1,0,1,1,0,1,1,1,0,1,1,1,1,1,1,1,1,1,1,1,0,0,0,0
-722,-1,-1,2,0,1,0,1,0,1,0,1,0,1,0,0,0,0,0,0,0,0,0,0,0,1,1,1
-721,-1,-1,2,1,0,1,1,0,1,0,1,1,1,1,1,0,0,1,1,0,0,1,1,0,1,1,1
-720,-1,-1,3,0,0,0,1,1,1,1,1,1,1,0,0,0,0,0,0,1,1,0,1,1,1,1,1
-719,-1,-1,2,0,1,1,1,0,1,0,1,1,1,1,1,1,1,0,0,1,1,1,1,0,1,1,1
-718,-1,-1,0,0,0,1,1,0,1,1,1,0,1,0,0,0,0,1,1,0,0,1,1,0,1,0,1
-717,-1,-1,1,0,0,1,1,0,1,0,1,1,1,0,0,0,0,1,1,0,0,1,1,1,1,1,1
-716,-1,-1,3,0,0,1,1,1,1,1,1,0,0,1,1,0,0,0,0,0,0,1,1,1,1,0,0
-715,-1,-1,2,1,0,1,1,0,1,1,1,0,1,0,0,0,0,1,1,0,0,1,1,0,0,1,1
-714,-1,-1,0,1,1,0,1,0,1,0,1,0,1,0,0,0,0,1,1,0,1,0,0,1,1,1,1
-713,-1,-1,1,1,0,1,1,0,1,0,1,1,1,0,0,0,0,1,1,1,1,0,0,0,1,0,0
-712,-1,-1,0,0,0,0,1,0,1,0,1,1,1,0,0,1,1,0,0,1,1,1,1,1,1,1,1
-711,-1,-1,1,1,0,0,1,0,1,0,1,1,1,1,1,0,1,1,1,1,1,0,0,0,1,1,1
-710,-1,-1,1,1,1,1,1,0,1,1,1,0,0,0,1,0,1,1,1,0,1,1,1,0,1,1,1
-709,-1,-1,3,1,0,0,1,0,1,0,1,1,1,0,1,0,0,0,0,0,0,0,0,1,1,1,1
-708,-1,-1,3,1,1,0,1,0,1,0,1,0,1,0,0,0,0,0,0,0,0,0,0,1,1,0,0
-707,-1,-1,0,0,1,1,1,1,1,1,1,0,0,0,0,0,0,1,1,0,0,0,0,0,1,0,1
-706,-1,-1,1,0,1,0,1,0,1,1,1,0,1,0,0,1,1,0,0,0,1,1,1,0,1,0,1
-705,-1,-1,3,0,1,0,1,0,1,0,1,1,1,0,1,0,0,0,1,1,1,0,0,0,0,1,1
-704,-1,-1,3,1,0,1,1,0,0,0,0,0,1,0,0,1,1,0,1,1,1,0,0,1,1,0,0
-703,-1,-1,3,1,0,1,1,1,1,1,1,0,1,0,0,1,1,0,1,0,0,0,0,1,1,0,0
-702,-1,-1,2,0,0,0,1,1,1,0,1,1,1,0,0,0,0,1,1,1,1,0,0,1,1,1,1
-701,-1,-1,0,0,1,1,1,0,1,0,1,1,1,0,0,0,0,0,1,0,0,0,0,1,1,0,0
-700,-1,-1,2,1,0,0,1,0,1,1,1,0,1,0,0,1,1,0,1,0,0,0,0,1,1,0,0
-699,-1,-1,1,1,0,1,1,0,1,0,1,0,1,0,1,1,1,1,1,1,1,0,0,0,1,1,1
-698,-1,-1,1,1,0,1,1,0,1,0,1,1,1,0,0,1,1,1,1,1,1,0,1,1,1,0,0
-697,-1,-1,0,0,0,1,1,0,1,1,1,1,1,0,0,0,0,0,0,0,1,1,1,1,1,0,1
-696,-1,-1,0,1,1,0,1,1,1,0,1,0,1,1,1,1,1,0,1,1,1,1,1,0,1,0,0
-695,-1,-1,1,1,0,1,1,1,1,1,1,0,1,1,1,0,0,0,0,0,0,1,1,0,1,1,1
-694,-1,-1,3,0,0,1,1,1,1,0,0,0,0,1,1,0,0,1,1,1,1,0,0,0,1,0,1
-693,-1,-1,0,1,1,0,1,0,1,0,1,0,1,0,0,0,0,1,1,0,1,0,0,0,1,0,1
-692,-1,-1,3,1,0,1,1,0,1,1,1,0,1,0,0,1,1,0,0,1,1,1,1,1,1,0,1
-691,-1,-1,2,0,0,0,1,0,1,1,1,0,0,0,0,1,1,0,0,0,1,0,0,1,1,0,0
-690,-1,-1,3,1,0,1,1,0,1,0,1,0,1,0,0,0,1,0,0,0,0,0,1,0,0,0,0
-689,-1,-1,2,0,1,1,1,0,1,0,1,0,1,1,1,1,1,1,1,1,1,0,0,1,1,1,1
-688,-1,-1,0,1,1,1,1,0,1,0,1,1,1,0,0,1,1,0,0,0,0,1,1,0,1,1,1
-687,-1,-1,0,0,0,0,1,0,1,0,1,1,1,0,0,0,0,0,0,1,1,0,0,0,1,0,1
-686,-1,-1,1,1,0,1,1,0,1,0,1,0,1,0,1,1,1,1,1,0,1,1,1,1,1,0,0
-685,-1,-1,3,0,1,0,1,0,1,0,1,0,1,1,1,0,0,0,1,0,1,0,0,0,0,0,0
-684,-1,-1,0,0,1,1,1,0,1,1,1,0,1,0,0,1,1,1,1,0,0,1,1,1,1,0,0
-683,-1,-1,0,1,1,1,1,1,1,0,1,0,1,0,1,0,0,0,1,0,0,1,1,1,1,1,1
-682,-1,-1,0,0,0,0,1,0,0,1,1,0,1,1,1,1,1,0,1,0,1,1,1,0,1,0,1
-681,-1,-1,1,1,0,0,1,1,1,1,1,0,1,1,1,1,1,1,1,0,0,0,0,0,1,0,1
-680,-1,-1,1,1,0,1,1,1,1,0,1,1,1,0,0,1,1,0,1,0,1,0,0,1,1,1,1
-679,-1,-1,1,1,1,0,1,1,1,0,1,0,0,0,0,1,1,0,0,0,0,0,0,0,1,1,1
-678,-1,-1,1,0,1,0,1,0,1,0,1,0,1,0,0,0,1,1,1,1,1,0,0,0,1,0,1
-677,-1,-1,0,0,1,1,1,0,1,1,1,0,0,1,1,1,1,0,1,0,1,1,1,0,1,0,0
-676,-1,-1,0,0,0,1,1,1,1,0,1,1,1,1,1,0,1,1,1,0,1,1,1,1,1,0,1
-675,-1,-1,3,1,0,0,1,0,1,0,1,0,1,0,0,0,0,0,0,1,1,0,0,1,1,0,1
-674,-1,-1,2,0,1,0,1,0,1,0,1,0,1,0,0,0,1,0,0,0,0,1,1,1,1,0,0
-673,-1,-1,3,0,0,0,1,0,1,0,1,0,1,0,1,1,1,1,1,0,1,0,1,0,1,1,1
-672,-1,-1,1,0,1,0,1,0,1,0,1,1,1,1,1,1,1,1,1,1,1,0,0,0,1,0,0
-671,-1,-1,2,0,0,1,1,0,1,0,1,0,1,1,1,0,0,0,1,0,1,1,1,0,1,1,1
-670,-1,-1,0,1,1,0,1,0,1,0,1,0,1,1,1,0,1,0,1,1,1,1,1,1,1,0,1
-669,-1,-1,0,0,0,0,1,0,1,1,1,0,1,0,0,0,0,1,1,0,0,0,0,0,1,0,0
-668,-1,-1,2,1,1,0,1,0,1,1,1,0,0,0,0,0,0,0,1,1,1,0,1,1,1,0,0
-667,-1,-1,2,1,0,0,1,0,0,1,1,0,1,1,1,1,1,1,1,0,0,1,1,0,0,1,1
-666,-1,-1,3,1,0,0,1,0,1,1,1,0,1,1,1,0,0,1,1,0,1,0,1,0,1,1,1
-665,-1,-1,3,1,1,0,1,0,0,0,0,0,1,1,1,0,0,0,0,0,0,1,1,1,1,1,1
-664,-1,-1,1,1,1,0,1,0,1,0,1,1,1,0,0,0,0,1,1,0,0,0,0,1,1,0,0
-663,-1,-1,1,1,0,0,1,1,1,0,1,1,1,0,0,0,1,1,1,1,1,0,0,0,0,0,0
-662,-1,-1,3,0,1,1,1,1,1,0,1,0,1,0,1,0,0,0,0,0,1,1,1,1,1,0,0
-661,-1,-1,0,1,0,0,1,0,1,1,1,0,1,1,1,1,1,1,1,1,1,0,0,1,1,1,1
-660,-1,-1,1,0,1,1,1,0,1,1,1,0,1,1,1,1,1,0,0,0,0,1,1,1,1,1,1
-659,-1,-1,0,1,1,0,1,0,1,1,1,0,1,0,0,1,1,0,1,1,1,0,0,1,1,0,0
-658,-1,-1,3,1,0,0,1,1,1,0,1,0,1,0,1,0,0,1,1,1,1,1,1,1,1,0,1
-657,-1,-1,2,0,1,0,1,1,1,1,1,0,1,0,0,1,1,1,1,0,0,1,1,0,0,0,1
-656,-1,-1,1,1,0,1,1,1,1,0,1,0,1,1,1,0,1,0,1,0,0,0,0,0,1,1,1
-655,-1,-1,3,0,1,1,1,0,1,0,1,0,1,0,0,1,1,0,1,0,0,1,1,0,0,1,1
-654,-1,-1,0,0,0,0,1,1,1,0,1,1,1,0,0,0,0,1,1,0,0,0,0,0,0,1,1
-653,-1,-1,0,0,0,0,1,0,1,0,1,1,1,1,1,1,1,0,1,1,1,0,0,0,1,1,1
-652,-1,-1,3,0,1,0,1,0,1,0,1,0,1,0,1,1,1,1,1,0,1,0,0,1,1,1,1
-651,-1,-1,2,1,1,1,1,0,1,0,0,0,1,0,1,0,1,0,0,1,1,0,0,0,1,0,0
-650,-1,-1,0,1,0,1,1,0,1,0,1,0,1,1,1,0,0,1,1,1,1,0,0,1,1,0,0
-649,-1,-1,2,1,0,0,1,1,1,0,1,1,1,1,1,1,1,1,1,0,0,1,1,0,1,0,0
-648,-1,-1,0,1,0,0,1,1,1,0,1,0,1,1,1,0,1,0,1,1,1,1,1,0,0,0,1
-647,-1,-1,3,1,1,0,1,1,1,1,1,1,1,1,1,1,1,1,1,1,1,1,1,0,1,0,0
-646,-1,-1,0,0,1,1,1,0,1,1,1,0,1,1,1,0,0,0,0,1,1,1,1,1,1,0,1
-645,-1,-1,1,0,1,0,1,0,1,0,1,0,0,1,1,0,0,0,0,0,0,0,0,0,1,1,1
-644,-1,-1,0,0,1,1,1,0,1,1,1,0,1,1,1,0,0,1,1,1,1,1,1,0,1,1,1
-643,-1,-1,2,1,1,0,1,0,1,0,1,1,1,0,0,1,1,1,1,1,1,0,0,0,1,1,1
-642,-1,-1,2,1,0,0,1,0,1,1,1,0,1,1,1,1,1,1,1,1,1,1,1,1,1,0,0
-641,-1,-1,0,0,1,0,1,0,1,0,1,0,1,1,1,1,1,0,1,0,0,0,1,1,1,1,1
-640,-1,-1,3,0,0,1,1,1,1,0,1,0,1,0,0,0,0,0,1,0,0,0,0,1,1,0,0
-639,-1,-1,2,1,1,1,1,0,0,0,1,0,1,0,1,1,1,0,0,0,0,1,1,0,0,1,1
-638,-1,-1,0,0,1,0,1,0,1,0,1,0,0,1,1,1,1,0,1,0,0,0,0,0,1,1,1
-637,-1,-1,3,0,1,0,1,0,1,0,1,0,1,0,0,1,1,1,1,0,0,0,1,0,1,1,1
-636,-1,-1,0,0,0,0,1,0,1,1,1,1,1,1,1,1,1,1,1,0,0,1,1,0,1,1,1
-635,-1,-1,3,1,0,0,1,0,1,0,1,1,1,0,0,1,1,0,1,0,0,0,0,1,1,0,0
-634,-1,-1,0,0,0,0,1,0,1,0,1,0,1,0,0,0,0,0,1,1,1,1,1,1,1,1,1
-633,-1,-1,3,0,0,1,1,0,1,0,1,1,1,1,1,1,1,1,1,1,1,1,1,0,1,1,1
-632,-1,-1,1,1,1,1,1,1,1,1,1,0,1,1,1,1,1,0,1,0,0,1,1,0,1,1,1
-631,-1,-1,1,1,0,1,1,0,1,0,1,1,1,1,1,0,0,0,1,1,1,0,0,0,1,0,0
-630,-1,-1,2,0,0,0,1,0,1,0,1,1,1,1,1,1,1,1,1,0,1,0,0,1,1,0,0
-629,-1,-1,1,0,0,0,1,0,1,1,1,0,1,1,1,1,1,1,1,0,0,1,1,0,1,0,1
-628,-1,-1,0,0,0,1,1,1,1,1,1,1,1,1,1,1,1,0,1,1,1,0,0,0,0,0,0
-627,-1,-1,2,1,1,0,1,0,1,1,1,1,1,1,1,1,1,0,0,1,1,1,1,0,0,0,0
-626,-1,-1,0,1,1,0,1,0,0,0,1,1,1,0,1,0,0,1,1,1,1,0,0,0,0,0,0
-625,-1,-1,2,1,1,0,1,1,1,1,1,1,1,1,1,0,0,1,1,1,1,1,1,0,0,0,0
-624,-1,-1,2,0,1,0,1,0,1,0,1,1,1,0,0,0,0,0,1,0,0,0,0,1,1,0,0
-623,-1,-1,3,1,0,1,1,0,1,1,1,1,1,1,1,0,0,1,1,0,0,0,0,1,1,0,0
-622,-1,-1,3,0,0,1,1,1,1,0,1,0,0,1,1,0,0,0,1,0,1,0,0,1,1,1,1
-621,-1,-1,0,0,0,0,1,0,0,0,1,1,1,0,0,1,1,0,1,0,0,0,0,1,1,1,1
-620,-1,-1,2,1,1,1,1,0,1,0,1,0,1,1,1,0,0,1,1,1,1,0,0,0,0,0,0
-619,-1,-1,2,0,1,1,1,1,1,1,1,1,1,0,1,0,0,0,1,1,1,0,0,0,1,1,1
-618,-1,-1,3,0,0,1,1,1,1,1,1,0,1,0,0,0,1,1,1,0,0,1,1,0,1,1,1
-617,-1,-1,1,0,1,0,1,0,1,0,1,0,1,0,1,0,0,1,1,1,1,0,0,0,0,0,0
-616,-1,-1,2,1,1,1,1,0,1,0,1,1,1,0,0,0,0,0,0,1,1,1,1,0,1,1,1
-615,-1,-1,3,1,1,0,1,0,1,0,1,0,0,1,1,0,0,1,1,0,0,0,0,1,1,1,1
-614,-1,-1,1,1,1,1,1,1,1,0,0,0,1,0,0,0,0,1,1,0,0,1,1,0,1,1,1
-613,-1,-1,2,0,1,1,1,1,1,1,1,1,1,1,1,0,0,1,1,0,1,0,0,1,1,0,1
-612,-1,-1,3,0,0,0,1,1,1,0,1,0,1,1,1,0,0,0,1,0,1,0,0,0,1,1,1
-611,-1,-1,2,0,1,0,1,1,1,0,1,1,1,1,1,1,1,0,1,1,1,0,1,0,0,1,1
-610,-1,-1,2,0,1,0,1,0,1,1,1,0,1,0,0,0,1,0,0,1,1,0,0,1,1,0,0
-609,-1,-1,0,0,1,0,1,1,1,0,1,1,1,0,0,1,1,0,0,0,0,0,0,1,1,1,1
-608,-1,-1,1,1,0,1,1,0,1,1,1,0,1,1,1,1,1,1,1,1,1,0,1,0,1,0,0
-607,-1,-1,3,1,0,0,1,1,1,0,1,1,1,0,0,1,1,0,1,0,1,0,0,1,1,0,0
-606,-1,-1,0,1,0,1,1,0,1,0,1,0,1,1,1,0,0,1,1,0,1,1,1,0,1,1,1
-605,-1,-1,2,0,0,0,1,1,1,1,1,1,1,0,0,1,1,0,0,0,1,1,1,1,1,0,0
-604,-1,-1,1,0,1,0,1,0,1,1,1,0,1,1,1,0,0,0,0,1,1,0,0,1,1,1,1
-603,-1,-1,3,1,0,1,1,0,1,1,1,1,1,0,1,0,1,0,0,1,1,0,0,0,1,1,1
-602,-1,-1,1,0,1,1,1,1,1,0,1,0,1,1,1,0,0,0,0,1,1,1,1,0,1,1,1
-601,-1,-1,0,0,0,1,1,1,1,0,1,1,1,0,0,1,1,0,0,0,0,0,0,1,1,0,0
-600,-1,-1,3,0,1,0,1,0,1,0,1,1,1,0,0,0,0,1,1,1,1,0,0,0,1,0,0
-599,-1,-1,3,1,1,0,1,0,1,0,0,1,1,1,1,1,1,1,1,1,1,1,1,1,1,1,1
-598,-1,-1,3,0,1,0,1,1,1,0,1,0,1,1,1,1,1,0,0,0,0,1,1,1,1,1,1
-597,-1,-1,1,0,0,0,1,0,1,0,1,0,1,0,0,1,1,1,1,0,0,0,0,1,1,1,1
-596,-1,-1,0,0,1,0,1,1,1,1,1,0,1,1,1,1,1,1,1,0,0,1,1,0,0,1,1
-595,-1,-1,2,1,1,0,1,1,1,0,1,1,1,1,1,1,1,0,0,0,1,1,1,0,1,0,1
-594,-1,-1,0,0,0,0,1,0,1,0,0,0,1,1,1,0,0,1,1,1,1,1,1,0,1,1,1
-593,-1,-1,0,1,0,1,1,0,1,0,1,1,1,1,1,0,0,1,1,0,1,0,0,0,1,0,1
-592,-1,-1,0,0,0,1,1,0,1,1,1,0,1,0,1,0,0,0,0,0,1,0,0,0,0,0,0
-591,-1,-1,3,0,0,0,1,0,1,0,1,0,1,1,1,0,0,1,1,0,0,0,1,0,1,0,1
-590,-1,-1,2,0,1,0,1,1,1,0,1,0,1,1,1,1,1,1,1,0,1,0,0,0,1,1,1
-589,-1,-1,3,0,0,0,1,0,1,0,1,0,1,0,1,1,1,0,0,0,1,0,0,0,1,0,0
-588,-1,-1,2,0,0,0,1,0,1,0,1,0,1,0,1,1,1,1,1,0,1,1,1,0,1,1,1
-587,-1,-1,0,1,0,1,1,1,1,1,1,0,1,1,1,1,1,0,1,1,1,1,1,0,1,0,0
-586,-1,-1,2,0,1,1,1,0,1,1,1,1,1,1,1,1,1,0,0,0,0,0,0,1,1,1,1
-585,-1,-1,3,0,0,1,1,1,1,0,0,0,1,0,1,0,1,0,0,1,1,0,1,0,1,1,1
-584,-1,-1,2,1,1,1,1,1,1,0,1,1,1,0,0,0,0,1,1,1,1,0,0,1,1,1,1
-583,-1,-1,1,1,0,0,1,1,1,0,1,0,1,0,0,0,0,0,0,1,1,1,1,1,1,0,0
-582,-1,-1,3,1,0,1,1,0,1,1,1,0,1,1,1,1,1,1,1,0,0,0,0,1,1,0,0
-581,-1,-1,0,1,1,0,1,0,1,0,1,1,1,0,0,0,0,1,1,0,0,1,1,0,1,1,1
-580,-1,-1,2,1,0,1,1,0,1,1,1,0,1,0,1,0,0,0,0,1,1,0,0,1,1,1,1
-579,-1,-1,3,0,0,0,1,1,1,0,1,0,1,0,0,0,0,0,0,1,1,1,1,0,1,1,1
-578,-1,-1,3,0,0,1,1,0,1,1,1,1,1,0,1,0,0,0,0,1,1,0,0,0,1,0,1
-577,-1,-1,1,0,1,0,1,0,1,0,1,0,1,1,1,1,1,1,1,0,1,0,0,0,0,0,0
-576,-1,-1,2,0,1,0,1,0,0,0,1,0,1,0,1,0,0,1,1,0,0,0,0,1,1,0,0
-575,-1,-1,1,1,1,0,1,0,1,0,1,0,1,0,0,0,0,0,0,0,1,0,1,1,1,0,0
-574,-1,-1,1,1,0,0,1,0,0,0,1,0,1,0,0,0,0,1,1,1,1,1,1,0,1,1,1
-573,-1,-1,2,1,1,0,1,0,1,0,1,1,1,1,1,1,1,1,1,0,0,1,1,1,1,0,0
-572,-1,-1,0,1,1,0,1,0,1,1,1,0,0,0,0,1,1,0,0,0,0,0,1,1,1,0,0
-571,-1,-1,3,0,1,1,1,0,1,0,1,1,1,0,0,1,1,0,1,1,1,0,0,0,1,1,1
-570,-1,-1,3,0,1,0,1,0,1,0,1,0,1,1,1,0,0,0,0,0,1,1,1,0,1,1,1
-569,-1,-1,1,0,1,0,1,1,1,1,1,0,0,1,1,0,0,0,1,1,1,0,1,0,1,0,0
-568,-1,-1,2,1,0,1,1,0,1,0,1,1,1,1,1,1,1,1,1,1,1,1,1,0,0,0,0
-567,-1,-1,3,0,0,1,1,0,1,0,1,1,1,0,1,0,0,0,0,1,1,0,0,0,1,0,0
-566,-1,-1,3,1,1,1,1,0,1,0,1,0,1,0,1,0,0,0,1,0,0,1,1,0,1,1,1
-565,-1,-1,2,1,0,0,1,1,1,0,1,1,1,0,0,1,1,0,1,1,1,0,0,0,1,0,1
-564,-1,-1,0,1,1,0,1,0,1,0,1,1,1,0,0,0,0,0,1,0,0,1,1,0,1,0,0
-563,-1,-1,3,0,1,0,1,1,1,1,1,0,1,1,1,0,0,1,1,1,1,1,1,0,1,1,1
-562,-1,-1,0,0,0,0,1,1,1,0,1,0,1,1,1,0,0,1,1,1,1,0,0,1,1,1,1
-561,-1,-1,0,0,1,0,1,1,1,1,1,1,1,1,1,0,0,0,0,0,0,1,1,0,1,0,0
-560,-1,-1,1,0,1,1,1,0,1,0,1,0,1,1,1,0,0,1,1,1,1,0,0,0,1,0,1
-559,-1,-1,0,1,1,0,1,0,1,0,0,1,1,1,1,0,0,1,1,0,0,0,0,0,1,1,1
-558,-1,-1,0,1,1,1,1,1,1,0,1,0,1,0,0,0,0,0,0,0,0,0,0,0,0,1,1
-557,-1,-1,2,0,1,0,1,1,1,0,0,0,1,0,1,0,0,1,1,0,0,1,1,1,1,1,1
-556,-1,-1,2,1,0,0,1,0,1,1,1,1,1,0,0,0,0,0,0,0,0,0,1,0,1,0,0
-555,-1,-1,3,0,0,1,1,1,1,0,1,0,1,0,1,0,0,0,1,1,1,1,1,0,0,1,1
-554,-1,-1,1,1,1,1,1,0,1,0,1,0,1,0,0,1,1,0,0,0,0,1,1,1,1,1,1
-553,-1,-1,0,0,1,0,1,0,1,0,1,0,1,1,1,0,0,0,1,0,1,1,1,0,1,1,1
-552,-1,-1,1,0,0,0,1,0,1,1,1,0,1,0,0,0,0,1,1,1,1,0,0,1,1,1,1
-551,-1,-1,1,0,1,1,1,1,1,0,1,0,0,0,1,0,0,0,0,0,0,0,0,0,1,1,1
-550,-1,-1,1,0,1,0,1,1,1,0,1,1,1,0,0,0,1,1,1,0,1,0,0,1,1,1,1
-549,-1,-1,0,1,1,1,1,1,1,0,1,1,1,1,1,1,1,0,1,1,1,0,0,1,1,0,0
-548,-1,-1,0,0,0,1,1,0,1,0,1,0,1,1,1,0,0,0,0,1,1,0,0,1,1,1,1
-547,-1,-1,0,1,1,1,1,1,1,1,1,0,1,1,1,1,1,0,0,0,0,1,1,0,1,0,0
-546,-1,-1,1,0,1,0,1,0,1,0,1,1,1,1,1,0,0,1,1,1,1,0,0,0,1,0,0
-545,-1,-1,3,1,1,1,1,0,1,0,1,0,1,1,1,0,0,1,1,1,1,0,0,0,1,1,1
-544,-1,-1,2,0,1,0,1,0,1,1,1,1,1,0,0,1,1,1,1,0,1,1,1,1,1,0,0
-543,-1,-1,3,0,0,0,1,0,1,1,1,0,1,0,1,1,1,0,0,1,1,0,1,1,1,1,1
-542,-1,-1,2,0,0,0,1,0,1,1,1,0,1,1,1,0,0,0,0,0,0,0,0,0,1,1,1
-541,-1,-1,3,1,0,1,1,1,1,0,1,0,1,1,1,0,1,1,1,1,1,1,1,1,1,0,1
-540,-1,-1,2,1,1,0,1,0,1,1,1,0,1,0,1,1,1,1,1,1,1,0,0,0,1,0,0
-539,-1,-1,3,1,1,1,1,0,1,0,0,1,1,0,1,0,0,1,1,1,1,1,1,1,1,0,0
-538,-1,-1,0,1,1,0,1,1,1,0,1,0,0,1,1,1,1,0,1,1,1,1,1,1,1,1,1
-537,-1,-1,3,0,0,0,1,0,1,0,1,0,1,1,1,1,1,0,1,0,0,0,0,1,1,0,0
-536,-1,-1,0,0,0,1,1,0,1,1,1,0,1,1,1,0,0,0,0,1,1,1,1,0,1,0,0
-535,-1,-1,3,0,0,0,1,0,1,0,1,0,1,0,0,0,0,0,1,0,1,0,0,1,1,1,1
-534,-1,-1,0,0,0,0,1,0,1,1,1,0,1,1,1,0,0,1,1,0,0,0,0,1,1,1,1
-533,-1,-1,2,0,0,0,1,1,1,0,1,0,1,0,1,0,0,1,1,0,1,1,1,0,1,0,0
-532,-1,-1,3,0,1,1,1,0,1,0,1,0,1,1,1,0,0,0,1,1,1,0,0,1,1,0,0
-531,-1,-1,1,1,1,1,1,0,1,0,1,0,1,1,1,1,1,0,1,0,0,0,0,1,1,1,1
-530,-1,-1,1,1,0,1,1,1,1,0,1,1,1,1,1,0,0,0,0,0,1,1,1,1,1,0,0
-529,-1,-1,1,0,1,1,1,0,1,1,1,1,1,0,1,0,0,1,1,0,0,0,1,0,1,1,1
-528,-1,-1,3,0,1,1,1,0,1,0,1,1,1,1,1,1,1,1,1,0,1,1,1,0,0,0,0
-527,-1,-1,3,1,0,1,1,1,1,0,1,1,1,0,0,0,0,0,0,1,1,1,1,1,1,0,1
-526,-1,-1,3,0,1,1,1,1,1,0,0,0,1,0,1,0,0,1,1,1,1,0,0,1,1,0,0
-525,-1,-1,3,1,1,1,1,0,1,1,1,0,1,0,1,0,0,1,1,0,0,1,1,0,1,1,1
-524,-1,-1,3,0,1,0,1,1,1,0,1,0,1,1,1,1,1,1,1,1,1,1,1,0,1,1,1
-523,-1,-1,0,0,1,1,1,0,1,0,1,0,0,1,1,1,1,1,1,0,0,0,0,0,1,0,1
-522,-1,-1,3,0,1,0,1,1,1,1,1,0,0,0,1,0,0,1,1,1,1,0,0,0,1,0,0
-521,-1,-1,3,1,1,0,1,1,1,0,1,1,1,1,1,0,0,1,1,0,0,1,1,1,1,0,0
-520,-1,-1,1,1,1,0,1,0,1,1,1,1,1,1,1,1,1,0,0,0,1,0,0,0,1,1,1
-519,-1,-1,1,1,1,1,1,0,1,1,1,0,1,0,0,0,0,1,1,0,1,0,0,0,1,1,1
-518,-1,-1,1,1,1,0,1,1,1,0,0,1,1,1,1,0,0,1,1,0,0,1,1,1,1,0,0
-517,-1,-1,3,0,1,0,1,1,1,0,1,1,1,0,1,0,0,1,1,1,1,1,1,0,0,1,1
-516,-1,-1,2,0,0,1,1,0,1,0,1,1,1,0,0,1,1,0,0,0,1,0,1,0,0,0,0
-515,-1,-1,0,1,0,1,1,0,1,0,1,0,1,0,0,1,1,1,1,0,0,1,1,0,1,0,0
-514,-1,-1,0,0,0,0,1,1,1,0,1,0,1,0,1,1,1,1,1,1,1,1,1,0,0,1,1
-513,-1,-1,3,1,0,1,1,0,1,1,1,0,0,1,1,0,1,0,0,1,1,1,1,1,1,0,0
-512,-1,-1,1,0,1,1,1,0,1,1,1,0,0,0,1,1,1,0,0,0,1,0,1,1,1,0,0
-511,-1,-1,2,1,0,0,1,0,1,0,1,1,1,1,1,0,1,1,1,1,1,0,0,0,1,0,0
-510,-1,-1,3,1,1,1,1,1,1,1,1,0,1,0,1,0,0,0,1,1,1,1,1,0,1,0,1
-509,-1,-1,3,1,1,1,1,1,1,0,1,1,1,1,1,1,1,1,1,0,0,1,1,1,1,1,1
-508,-1,-1,0,0,1,0,1,0,1,0,1,0,1,1,1,0,0,1,1,0,1,1,1,0,1,1,1
-507,-1,-1,0,0,1,0,1,0,1,0,1,0,1,1,1,0,0,1,1,1,1,1,1,0,1,1,1
-506,-1,-1,3,1,1,0,1,0,1,1,1,0,1,0,1,0,0,0,0,0,0,1,1,0,1,0,1
-505,-1,-1,0,0,1,0,1,0,1,0,1,0,0,1,1,1,1,1,1,1,1,0,1,1,1,1,1
-504,-1,-1,1,1,0,1,1,0,1,0,0,0,1,1,1,1,1,1,1,1,1,0,1,0,1,1,1
-503,-1,-1,3,0,0,1,1,0,1,0,1,0,1,0,0,1,1,0,0,1,1,0,0,0,1,1,1
-502,-1,-1,2,0,0,0,1,1,1,0,1,0,0,1,1,1,1,0,1,1,1,0,0,1,1,0,0
-501,-1,-1,1,1,1,0,1,0,1,0,1,1,1,0,0,1,1,0,0,0,0,1,1,1,1,1,1
-500,-1,-1,0,1,0,0,1,1,1,1,1,0,0,0,0,0,0,1,1,1,1,1,1,0,1,1,1
-499,-1,-1,1,1,1,1,1,0,1,0,1,0,1,0,0,0,1,1,1,0,0,0,0,1,1,0,0
-498,-1,-1,2,1,1,1,1,0,1,0,1,0,1,0,0,1,1,1,1,1,1,1,1,1,1,0,1
-497,-1,-1,1,0,0,1,1,1,1,1,1,0,1,0,1,1,1,1,1,1,1,0,0,0,1,1,1
-496,-1,-1,2,1,1,0,1,1,1,1,1,1,1,0,0,1,1,1,1,1,1,0,0,1,1,0,0
-495,-1,-1,2,0,1,1,1,1,1,0,1,0,1,1,1,1,1,0,0,0,1,0,1,1,1,1,1
-494,-1,-1,2,0,0,1,1,0,1,0,1,1,1,1,1,1,1,1,1,0,0,1,1,0,1,1,1
-493,-1,-1,1,0,1,1,1,1,1,1,1,0,1,0,0,0,0,0,1,0,0,0,1,1,1,0,0
-492,-1,-1,0,1,0,0,1,0,1,0,1,0,0,0,0,1,1,0,1,1,1,1,1,0,1,0,0
-491,-1,-1,0,0,1,0,1,0,1,1,1,0,1,1,1,1,1,1,1,0,1,0,1,1,1,1,1
-490,-1,-1,3,1,1,0,1,1,1,0,1,1,1,0,0,0,0,1,1,0,0,0,0,1,1,1,1
-489,-1,-1,2,1,1,1,1,0,1,0,1,0,0,1,1,1,1,1,1,0,0,0,1,1,1,1,1
-488,-1,-1,3,1,0,0,1,1,1,0,1,0,1,1,1,0,0,0,1,1,1,0,1,1,1,0,0
-487,-1,-1,3,0,0,1,1,0,1,1,1,0,1,0,0,0,0,1,1,0,0,0,1,0,1,1,1
-486,-1,-1,1,1,1,0,1,0,0,1,1,0,1,0,0,1,1,1,1,1,1,1,1,0,1,1,1
-485,-1,-1,1,0,0,1,1,1,1,0,1,1,1,1,1,0,0,0,1,0,1,1,1,0,1,1,1
-484,-1,-1,1,0,0,0,1,0,1,0,1,1,1,0,0,0,1,0,1,0,0,0,0,0,1,1,1
-483,-1,-1,3,1,1,1,1,1,1,0,1,1,1,1,1,1,1,1,1,0,0,0,0,0,1,1,1
-482,-1,-1,1,1,0,1,1,1,1,1,1,0,1,1,1,1,1,0,1,1,1,1,1,0,1,1,1
-481,-1,-1,2,1,1,1,1,1,1,0,1,0,1,0,0,1,1,0,0,0,0,0,0,1,1,0,0
-480,-1,-1,1,1,0,1,1,1,1,0,1,0,1,1,1,0,0,0,0,0,0,0,0,0,1,0,1
-479,-1,-1,1,0,1,1,1,1,1,1,1,1,1,1,1,1,1,0,1,0,1,0,0,0,1,0,0
-478,-1,-1,1,1,0,0,1,0,1,1,1,0,1,0,1,0,0,0,0,0,0,1,1,0,1,1,1
-477,-1,-1,3,0,0,1,1,1,1,0,1,1,1,0,0,0,1,0,0,1,1,0,0,0,1,1,1
-476,-1,-1,2,0,1,1,1,0,1,1,1,1,1,1,1,0,0,1,1,0,0,1,1,0,1,0,0
-475,-1,-1,2,0,0,0,1,1,1,0,1,1,1,1,1,1,1,0,1,1,1,1,1,0,1,1,1
-474,-1,-1,2,0,0,1,1,1,1,1,1,1,1,0,0,0,1,1,1,0,0,0,0,0,1,0,0
-473,-1,-1,2,0,0,0,1,0,1,0,1,1,1,1,1,0,1,0,0,1,1,1,1,1,1,0,0
-472,-1,-1,1,1,1,1,1,0,1,0,1,0,1,0,1,0,1,0,1,1,1,1,1,0,1,0,1
-471,-1,-1,2,1,0,0,1,1,1,0,1,0,1,0,0,1,1,0,0,1,1,0,0,0,0,0,0
-470,-1,-1,0,0,0,1,1,0,1,1,1,1,1,1,1,1,1,0,0,0,1,1,1,0,0,0,1
-469,-1,-1,0,1,0,0,1,0,1,1,1,1,1,0,0,0,0,1,1,1,1,0,0,1,1,1,1
-468,-1,-1,0,1,1,0,1,0,1,0,1,1,1,0,1,1,1,0,1,1,1,1,1,0,1,0,0
-467,-1,-1,2,0,0,1,1,0,1,0,1,0,1,0,0,0,0,0,1,0,0,1,1,0,1,1,1
-466,-1,-1,1,1,1,1,1,0,1,0,1,0,1,1,1,1,1,1,1,0,1,1,1,0,1,1,1
-465,-1,-1,1,0,0,0,1,1,1,1,1,1,1,0,1,1,1,0,1,1,1,0,0,0,1,1,1
-464,-1,-1,0,0,1,1,1,1,1,0,1,1,1,1,1,1,1,1,1,1,1,0,0,1,1,1,1
-463,-1,-1,3,0,0,1,1,0,1,0,1,1,1,0,0,0,0,0,1,0,0,1,1,0,1,0,0
-462,-1,-1,3,0,0,0,1,0,1,1,1,1,1,1,1,1,1,1,1,0,0,0,1,0,1,1,1
-461,-1,-1,3,1,1,0,1,1,1,0,1,0,1,0,0,1,1,0,1,1,1,0,1,0,1,1,1
-460,-1,-1,3,0,1,1,1,0,1,0,1,0,1,0,1,0,0,1,1,0,0,1,1,1,1,1,1
-459,-1,-1,1,0,1,0,1,0,1,1,1,0,1,0,1,1,1,0,0,1,1,0,0,0,1,1,1
-458,-1,-1,1,0,1,0,1,0,1,0,0,0,1,0,0,1,1,0,0,0,0,0,1,0,1,1,1
-457,-1,-1,1,1,0,1,1,0,1,1,1,0,1,0,1,1,1,0,1,1,1,0,0,1,1,0,0
-456,-1,-1,1,1,0,0,1,0,1,1,1,0,1,1,1,0,0,0,1,0,0,0,0,1,1,0,1
-455,-1,-1,2,1,0,0,1,1,1,0,1,0,1,0,0,1,1,1,1,0,0,0,0,1,1,0,0
-454,-1,-1,2,1,0,1,1,0,1,0,1,0,0,1,1,0,0,0,0,0,0,0,1,1,1,0,0
-453,-1,-1,0,1,0,1,1,0,1,0,1,1,1,1,1,1,1,0,0,0,1,1,1,0,0,0,0
-452,-1,-1,3,1,0,1,1,0,1,0,1,1,1,0,0,0,0,0,0,1,1,0,0,1,1,0,0
-451,-1,-1,2,1,1,1,1,1,1,0,1,0,1,0,0,0,0,1,1,0,0,0,0,1,1,0,0
-450,-1,-1,0,1,1,0,1,0,1,0,1,0,1,1,1,0,0,1,1,1,1,0,0,1,1,0,1
-449,-1,-1,2,1,0,0,1,1,1,0,1,0,1,1,1,0,0,0,1,0,0,0,0,1,1,1,1
-448,-1,-1,2,0,1,0,1,1,1,0,1,1,1,0,0,0,0,1,1,1,1,1,1,1,1,0,0
-447,-1,-1,3,1,0,1,1,1,1,0,1,0,1,0,0,1,1,0,0,0,1,1,1,1,1,1,1
-446,-1,-1,0,1,0,1,1,1,1,1,1,0,1,0,1,1,1,1,1,0,0,1,1,0,1,0,0
-445,-1,-1,3,0,0,0,1,0,0,0,1,0,1,1,1,0,0,1,1,0,0,0,0,1,1,1,1
-444,-1,-1,2,0,0,0,1,0,1,0,1,1,1,0,0,1,1,0,0,1,1,1,1,0,1,1,1
-443,-1,-1,2,0,0,0,1,0,1,0,1,0,1,1,1,0,1,0,0,1,1,0,1,1,1,0,1
-442,-1,-1,2,0,1,0,1,0,1,1,1,0,1,0,0,0,0,1,1,0,1,0,0,1,1,1,1
-441,-1,-1,3,0,0,1,1,1,1,0,1,0,1,1,1,0,0,1,1,0,1,1,1,1,1,0,0
-440,-1,-1,2,0,1,0,1,0,1,0,1,1,1,0,1,0,0,1,1,1,1,0,1,0,1,1,1
-439,-1,-1,0,0,1,0,1,0,1,0,1,0,1,1,1,1,1,0,0,0,1,1,1,1,1,0,1
-438,-1,-1,3,1,0,0,1,0,1,0,1,1,1,0,1,1,1,0,0,1,1,1,1,1,1,0,0
-437,-1,-1,3,1,1,1,1,0,1,0,1,1,1,1,1,0,0,1,1,0,1,1,1,1,1,0,1
-436,-1,-1,2,1,1,1,1,1,1,0,1,0,1,0,0,1,1,1,1,1,1,1,1,1,1,0,0
-435,-1,-1,0,1,0,0,1,0,1,0,1,1,1,1,1,1,1,0,0,1,1,1,1,0,1,0,0
-434,-1,-1,3,1,0,1,1,0,1,0,1,1,1,0,0,0,0,0,0,1,1,0,0,1,1,1,1
-433,-1,-1,2,0,1,1,1,0,1,1,1,0,1,1,1,0,0,1,1,1,1,0,1,0,1,1,1
-432,-1,-1,1,0,0,1,1,0,1,1,1,1,1,0,1,0,0,1,1,0,0,1,1,1,1,1,1
-431,-1,-1,2,1,0,1,1,0,1,0,1,0,1,0,1,1,1,1,1,0,1,1,1,1,1,0,1
-430,-1,-1,1,0,1,0,1,0,0,0,1,0,1,1,1,1,1,0,0,1,1,1,1,1,1,0,1
-429,-1,-1,2,1,0,0,1,0,1,1,1,1,1,0,0,0,0,0,0,1,1,1,1,0,1,0,0
-428,-1,-1,2,0,0,1,1,0,1,0,1,1,1,0,1,1,1,0,1,0,0,0,0,1,1,0,0
-427,-1,-1,2,0,1,0,1,0,1,0,1,0,1,1,1,0,0,0,0,0,1,0,0,0,0,1,1
-426,-1,-1,0,0,1,1,1,1,1,0,1,1,1,1,1,0,1,0,0,1,1,0,0,0,1,1,1
-425,-1,-1,2,1,1,1,1,1,1,0,1,0,1,0,1,0,1,1,1,1,1,0,0,1,1,0,0
-424,-1,-1,2,1,0,0,1,0,1,0,1,1,1,0,0,1,1,1,1,0,0,0,1,0,1,1,1
-423,-1,-1,2,1,0,0,1,0,1,0,1,0,1,0,0,1,1,1,1,1,1,0,0,1,1,1,1
-422,-1,-1,0,1,0,0,1,0,1,1,1,1,1,1,1,0,0,0,0,1,1,1,1,1,1,1,1
-421,-1,-1,1,1,0,0,1,0,1,1,1,0,1,1,1,0,0,0,1,0,0,0,0,1,1,1,1
-420,-1,-1,2,0,1,1,1,0,1,1,1,0,1,0,0,0,0,0,0,0,0,0,0,1,1,1,1
-419,-1,-1,0,1,1,1,1,0,1,0,1,1,1,0,0,1,1,1,1,0,0,1,1,1,1,0,0
-418,-1,-1,3,1,0,0,1,1,1,0,1,0,1,0,0,1,1,0,1,0,1,1,1,1,1,1,1
-417,-1,-1,3,0,0,0,1,0,1,0,1,1,1,0,0,0,0,1,1,0,0,1,1,1,1,1,1
-416,-1,-1,3,1,1,0,1,1,1,0,1,1,1,0,0,1,1,1,1,0,0,0,0,1,1,1,1
-415,-1,-1,2,1,0,0,1,0,0,1,1,1,1,1,1,0,0,1,1,1,1,1,1,0,1,1,1
-414,-1,-1,3,0,0,1,1,1,1,1,1,0,0,0,1,0,0,0,0,0,0,0,0,0,1,1,1
-413,-1,-1,3,1,0,0,1,0,1,0,1,1,1,0,0,1,1,1,1,0,0,0,1,1,1,0,0
-412,-1,-1,1,1,0,1,1,0,1,1,1,0,1,0,1,1,1,1,1,0,0,0,0,1,1,1,1
-411,-1,-1,1,1,0,0,1,1,1,0,1,1,1,0,1,0,0,1,1,0,1,0,0,0,0,1,1
-410,-1,-1,1,1,1,0,1,0,1,1,1,0,1,1,1,0,0,0,0,1,1,1,1,0,1,1,1
-409,-1,-1,2,0,0,0,1,1,1,0,1,0,1,1,1,0,0,1,1,0,1,0,0,0,1,1,1
-408,-1,-1,1,1,1,1,1,0,1,0,1,1,1,1,1,0,0,0,1,0,0,1,1,1,1,0,0
-407,-1,-1,2,1,0,0,1,0,1,0,1,0,1,1,1,0,1,0,0,1,1,1,1,0,1,0,0
-406,-1,-1,1,1,1,0,1,0,0,0,1,0,1,0,0,0,0,1,1,1,1,1,1,0,1,0,0
-405,-1,-1,3,1,0,0,1,0,1,0,1,1,1,0,0,0,1,1,1,1,1,1,1,1,1,0,0
-404,-1,-1,2,1,1,1,1,1,1,0,1,1,1,0,0,1,1,1,1,0,0,1,1,1,1,1,1
-403,-1,-1,1,1,1,0,1,0,1,1,1,1,1,1,1,1,1,0,0,0,0,1,1,1,1,1,1
-402,-1,-1,1,0,0,1,1,0,1,1,1,1,1,1,1,1,1,1,1,1,1,1,1,1,1,1,1
-401,-1,-1,3,0,0,1,1,0,1,0,1,0,1,0,0,1,1,0,0,1,1,0,1,0,0,0,1
-400,-1,-1,1,0,1,0,1,1,1,0,1,0,1,0,0,1,1,1,1,1,1,0,0,0,1,1,1
-399,-1,-1,3,1,1,1,1,0,1,0,1,1,1,1,1,1,1,1,1,0,0,1,1,0,1,1,1
-398,-1,-1,2,1,1,0,1,0,1,0,0,0,1,1,1,0,0,0,0,0,0,1,1,1,1,1,1
-397,-1,-1,3,0,0,1,1,0,1,0,1,1,1,1,1,0,0,1,1,0,0,0,1,1,1,1,1
-396,-1,-1,0,0,1,0,1,0,1,0,1,0,1,0,1,1,1,1,1,0,0,1,1,1,1,1,1
-395,-1,-1,0,1,1,0,1,0,1,0,0,0,0,1,1,0,0,1,1,1,1,1,1,1,1,1,1
-394,-1,-1,1,0,1,0,1,0,1,0,1,1,1,1,1,1,1,0,0,0,0,0,0,1,1,1,1
-393,-1,-1,0,0,0,0,1,0,1,1,1,1,1,0,0,1,1,1,1,1,1,0,0,0,1,0,0
-392,-1,-1,1,0,1,0,1,0,1,0,1,0,1,1,1,1,1,0,0,0,0,1,1,1,1,0,0
-391,-1,-1,2,1,0,0,1,1,1,1,1,0,1,0,0,0,0,0,0,0,1,0,0,1,1,0,0
-390,-1,-1,0,0,1,0,1,1,1,0,1,0,1,1,1,1,1,1,1,1,1,0,0,0,0,1,1
-389,-1,-1,2,0,0,1,1,1,1,0,1,1,1,1,1,1,1,0,1,1,1,0,0,1,1,0,0
-388,-1,-1,0,1,0,1,1,0,1,1,1,1,1,1,1,0,0,0,1,0,0,0,0,1,1,0,1
-387,-1,-1,0,1,1,0,1,0,1,0,1,0,1,1,1,0,0,1,1,0,0,1,1,0,1,1,1
-386,-1,-1,3,1,0,0,1,0,1,0,1,0,1,0,1,0,0,0,1,1,1,0,0,1,1,1,1
-385,-1,-1,3,1,1,1,1,0,1,0,1,1,1,0,0,1,1,1,1,0,0,1,1,0,1,0,1
-384,-1,-1,0,0,1,0,1,1,1,1,1,0,1,1,1,1,1,1,1,1,1,0,0,1,1,0,0
-383,-1,-1,2,0,1,0,1,0,1,0,1,1,1,0,0,0,0,1,1,1,1,0,0,0,1,0,1
-382,-1,-1,1,1,1,0,1,0,1,1,1,1,1,1,1,0,1,0,0,0,0,0,0,0,1,1,1
-381,-1,-1,3,1,0,1,1,0,1,1,1,1,1,1,1,1,1,1,1,0,1,0,0,0,1,1,1
-380,-1,-1,1,0,1,0,1,1,1,0,1,1,1,0,1,0,1,0,0,0,0,1,1,0,0,0,0
-379,-1,-1,3,0,1,0,1,0,1,0,1,0,1,1,1,0,0,0,1,1,1,0,0,0,0,0,1
-378,-1,-1,1,0,1,0,1,0,1,1,1,1,1,0,1,1,1,0,0,1,1,0,1,0,1,0,0
-377,-1,-1,3,1,0,0,1,0,1,0,1,0,0,1,1,1,1,1,1,0,0,0,0,0,1,0,0
-376,-1,-1,3,1,1,0,1,0,1,0,1,0,1,1,1,1,1,1,1,1,1,0,0,0,0,1,1
-375,-1,-1,1,0,0,1,1,1,1,0,1,0,1,0,1,0,0,1,1,0,0,1,1,0,1,1,1
-374,-1,-1,1,1,0,1,1,0,1,0,1,0,1,0,0,1,1,1,1,0,0,1,1,0,0,1,1
-373,-1,-1,3,0,1,1,1,1,1,0,1,0,1,1,1,1,1,0,1,1,1,0,0,0,1,0,0
-372,-1,-1,1,1,1,1,1,0,1,0,1,1,1,1,1,0,0,1,1,0,0,1,1,1,1,1,1
-371,-1,-1,0,0,1,0,1,0,0,0,1,0,1,0,1,0,0,0,0,1,1,0,0,0,1,0,0
-370,-1,-1,1,0,0,0,1,1,1,1,1,0,1,0,0,1,1,0,1,1,1,1,1,0,1,1,1
-369,-1,-1,3,1,0,1,1,0,1,0,1,0,1,1,1,0,1,1,1,1,1,1,1,0,0,0,1
-368,-1,-1,1,0,0,0,1,0,1,1,1,1,1,0,1,1,1,0,0,1,1,0,0,0,1,0,0
-367,-1,-1,2,1,1,0,1,0,0,0,1,0,1,0,0,0,1,1,1,1,1,1,1,0,0,1,1
-366,-1,-1,3,1,1,0,1,0,1,0,1,0,1,0,1,0,0,1,1,1,1,0,0,0,0,0,0
-365,-1,-1,3,1,0,1,1,0,1,0,1,0,1,0,1,1,1,0,0,1,1,1,1,1,1,0,1
-364,-1,-1,3,1,1,0,1,0,1,0,1,0,1,1,1,1,1,1,1,1,1,1,1,0,0,0,1
-363,-1,-1,1,1,1,0,1,0,1,0,1,1,1,1,1,1,1,0,0,0,0,1,1,0,1,0,0
-362,-1,-1,3,0,0,0,1,0,1,1,1,0,1,1,1,0,0,1,1,0,0,1,1,0,1,1,1
-361,-1,-1,3,0,1,1,1,0,1,0,1,1,1,1,1,0,0,0,0,1,1,1,1,0,0,1,1
-360,-1,-1,3,0,1,1,1,1,1,0,1,1,1,1,1,1,1,1,1,1,1,0,0,0,1,0,1
-359,-1,-1,3,1,0,1,1,0,1,1,1,1,1,1,1,0,0,0,0,1,1,0,1,1,1,1,1
-358,-1,-1,0,0,0,1,1,0,1,1,1,0,1,1,1,0,0,0,0,0,0,1,1,1,1,0,0
-357,-1,-1,1,0,1,1,1,1,1,0,1,0,1,1,1,0,0,1,1,0,0,0,1,0,0,1,1
-356,-1,-1,3,1,0,1,1,0,1,0,1,0,1,1,1,1,1,0,0,1,1,0,0,1,1,0,0
-355,-1,-1,0,0,1,1,1,0,1,0,1,0,1,0,0,1,1,1,1,0,0,1,1,0,1,1,1
-354,-1,-1,2,1,1,1,1,0,1,1,1,0,1,0,1,0,0,1,1,1,1,1,1,0,1,0,1
-353,-1,-1,1,0,0,0,1,1,1,0,1,0,0,0,1,0,0,0,0,1,1,0,1,0,1,1,1
-352,-1,-1,0,1,1,0,1,0,1,0,0,0,1,1,1,1,1,1,1,1,1,0,0,1,1,1,1
-351,-1,-1,3,0,0,1,1,0,1,0,1,1,1,0,0,0,0,1,1,0,0,1,1,0,0,0,0
-350,-1,-1,1,0,1,1,1,0,1,1,1,1,1,0,1,1,1,0,0,0,0,0,0,0,1,0,0
-349,-1,-1,2,0,1,1,1,0,1,0,1,1,1,0,0,1,1,0,0,1,1,0,0,0,1,0,0
-348,-1,-1,2,0,0,0,1,0,1,1,1,1,1,0,0,0,1,0,0,0,1,0,0,1,1,1,1
-347,-1,-1,2,1,1,1,1,0,1,0,1,0,1,0,0,1,1,0,0,0,0,0,0,0,1,1,1
-346,-1,-1,2,0,0,0,1,0,1,0,1,0,0,0,0,0,1,0,0,1,1,0,1,1,1,1,1
-345,-1,-1,2,1,1,0,1,1,1,0,1,1,1,0,0,0,0,0,0,0,0,1,1,0,1,1,1
-344,-1,-1,3,0,0,0,1,0,1,0,1,1,1,1,1,0,0,1,1,1,1,1,1,1,1,0,0
-343,-1,-1,3,0,0,1,1,1,1,0,1,1,1,0,1,1,1,0,0,0,0,0,0,0,0,0,0
-342,-1,-1,0,0,1,0,1,0,1,1,1,0,1,0,0,0,0,1,1,0,0,1,1,1,1,0,0
-341,-1,-1,2,0,0,0,1,1,1,1,1,1,1,0,0,1,1,1,1,0,0,1,1,1,1,0,0
-340,-1,-1,2,0,0,1,1,1,1,1,1,1,1,1,1,1,1,0,0,1,1,0,0,1,1,0,0
-339,-1,-1,1,1,1,1,1,0,1,0,1,1,1,1,1,1,1,0,0,1,1,0,0,1,1,1,1
-338,-1,-1,3,0,0,1,1,1,1,1,1,1,1,0,0,1,1,0,0,0,0,1,1,0,1,0,1
-337,-1,-1,0,0,0,1,1,0,1,0,1,1,1,1,1,1,1,1,1,0,0,1,1,0,1,1,1
-336,-1,-1,0,0,1,1,1,1,1,0,1,1,1,1,1,1,1,0,0,1,1,0,0,1,1,1,1
-335,-1,-1,2,1,0,1,1,0,1,0,1,1,1,1,1,0,0,0,1,0,0,0,0,0,1,0,0
-334,-1,-1,2,1,1,1,1,0,1,1,1,0,0,0,1,1,1,1,1,1,1,0,0,0,1,1,1
-333,-1,-1,3,0,1,1,1,0,1,0,1,0,1,1,1,1,1,0,0,0,0,0,0,0,1,0,0
-332,-1,-1,0,1,1,1,1,0,1,1,1,1,1,1,1,1,1,1,1,0,0,0,0,0,0,0,0
-331,-1,-1,1,0,1,1,1,0,1,0,1,0,1,1,1,0,0,1,1,1,1,0,0,0,1,1,1
-330,-1,-1,0,1,0,1,1,1,1,0,1,0,1,1,1,1,1,0,0,0,0,0,1,0,1,1,1
-329,-1,-1,3,1,1,1,1,0,1,1,1,1,1,1,1,1,1,0,0,1,1,0,1,1,1,0,0
-328,-1,-1,1,0,1,0,1,0,1,0,1,1,1,0,0,0,0,0,0,0,1,1,1,0,0,0,0
-327,-1,-1,2,0,1,1,1,0,1,0,1,1,1,1,1,0,1,1,1,0,0,0,1,0,1,1,1
-326,-1,-1,1,0,0,1,1,1,1,1,1,1,1,1,1,1,1,1,1,0,0,0,0,0,1,0,1
-325,-1,-1,0,1,1,1,1,1,1,0,1,0,1,1,1,1,1,1,1,1,1,0,0,1,1,1,1
-324,-1,-1,1,0,1,0,1,1,1,0,1,0,1,1,1,0,0,0,1,1,1,0,1,1,1,1,1
-323,-1,-1,0,1,0,1,1,0,1,0,1,0,1,0,0,1,1,0,1,1,1,0,1,0,1,1,1
-322,-1,-1,2,0,0,0,1,0,1,0,1,0,1,0,0,0,0,0,1,0,1,1,1,1,1,0,0
-321,-1,-1,2,0,1,0,1,1,1,0,1,1,1,0,1,0,0,1,1,1,1,1,1,1,1,1,1
-320,-1,-1,3,0,0,1,1,1,1,1,1,1,1,0,1,1,1,1,1,0,1,0,0,1,1,0,1
-319,-1,-1,1,1,1,0,1,0,1,1,1,0,1,0,0,1,1,0,0,1,1,1,1,0,0,0,1
-318,-1,-1,0,0,0,0,1,0,1,0,1,0,1,0,0,0,0,1,1,1,1,0,0,1,1,0,0
-317,-1,-1,0,0,1,0,1,0,1,0,1,1,1,0,1,1,1,1,1,0,0,1,1,1,1,1,1
-316,-1,-1,1,0,1,0,1,0,1,0,1,1,1,0,1,0,0,1,1,1,1,1,1,0,1,1,1
-315,-1,-1,0,0,1,1,1,0,1,1,1,1,1,0,1,0,0,1,1,1,1,1,1,1,1,1,1
-314,-1,-1,1,0,0,0,1,0,1,0,1,0,1,1,1,1,1,0,0,0,0,1,1,1,1,0,1
-313,-1,-1,1,1,0,0,1,0,1,1,1,0,1,1,1,1,1,1,1,0,0,1,1,0,0,0,0
-312,-1,-1,0,1,1,1,1,0,1,0,1,1,1,0,1,0,1,0,1,1,1,1,1,0,0,1,1
-311,-1,-1,0,1,1,1,1,0,1,0,1,0,1,1,1,1,1,0,0,1,1,1,1,1,1,1,1
-310,-1,-1,1,1,0,1,1,0,1,0,1,0,1,1,1,0,0,1,1,1,1,0,0,1,1,1,1
-309,-1,-1,2,1,0,1,1,0,1,1,1,0,1,1,1,0,0,1,1,0,0,0,1,0,1,1,1
-308,-1,-1,1,0,0,0,1,1,1,0,1,1,1,0,0,0,0,1,1,1,1,0,0,1,1,1,1
-307,-1,-1,3,1,1,1,1,0,0,0,1,0,1,0,0,1,1,1,1,1,1,0,0,1,1,0,0
-306,-1,-1,1,0,1,0,1,1,1,0,1,0,1,0,1,0,0,1,1,0,0,1,1,0,0,0,1
-305,-1,-1,0,1,1,0,1,0,1,0,1,1,1,1,1,1,1,0,0,0,1,0,0,0,1,0,0
-304,-1,-1,2,0,1,0,1,1,1,1,1,0,1,1,1,0,1,1,1,0,0,1,1,0,1,0,1
-303,-1,-1,3,0,1,1,1,1,1,1,1,1,1,1,1,1,1,0,0,1,1,0,1,1,1,0,0
-302,-1,-1,3,1,0,1,1,1,1,0,1,0,1,1,1,1,1,1,1,1,1,0,0,0,1,1,1
-301,-1,-1,0,0,0,1,1,0,1,0,1,0,1,0,0,0,0,1,1,0,1,1,1,1,1,1,1
-300,-1,-1,2,1,1,0,1,0,1,0,1,0,1,0,1,1,1,0,1,1,1,1,1,0,1,1,1
-299,-1,-1,1,0,0,0,1,1,1,0,1,1,1,1,1,1,1,0,1,0,1,0,1,1,1,1,1
-298,-1,-1,1,0,0,1,1,1,1,1,1,0,1,0,0,0,0,0,0,0,0,0,0,1,1,0,0
-297,-1,-1,2,0,0,0,1,0,1,1,1,0,1,1,1,0,0,1,1,1,1,0,1,0,0,0,1
-296,-1,-1,1,0,1,1,1,0,1,0,1,0,1,0,0,0,0,1,1,1,1,1,1,0,1,1,1
-295,-1,-1,2,0,1,0,1,1,1,0,0,0,1,0,0,0,0,0,0,0,0,0,0,0,1,0,0
-294,-1,-1,2,1,1,0,1,1,1,0,1,1,1,1,1,0,0,0,1,1,1,0,0,0,1,1,1
-293,-1,-1,2,1,1,0,1,0,1,0,1,1,1,0,0,0,1,1,1,0,0,0,0,1,1,1,1
-292,-1,-1,0,1,0,1,1,1,1,0,1,0,1,0,1,0,0,1,1,0,0,1,1,0,0,0,0
-291,-1,-1,3,1,0,1,1,0,1,0,1,1,1,0,0,0,0,0,1,0,0,0,0,0,1,0,1
-290,-1,-1,1,1,0,1,1,0,1,0,1,0,0,1,1,0,0,1,1,0,0,0,1,0,0,1,1
-289,-1,-1,2,1,0,0,1,0,1,0,1,0,1,0,0,0,0,0,1,0,0,1,1,0,1,1,1
-288,-1,-1,0,0,1,0,1,0,1,0,1,0,0,1,1,0,0,1,1,1,1,1,1,1,1,0,0
-287,-1,-1,1,1,1,1,1,0,1,0,1,1,1,0,1,0,0,1,1,0,0,0,1,0,1,0,0
-286,-1,-1,1,1,0,1,1,0,0,1,1,0,1,1,1,0,0,0,1,0,1,0,0,0,1,0,0
-285,-1,-1,1,1,1,0,1,0,1,1,1,1,1,0,1,0,0,0,0,1,1,0,1,0,1,0,0
-284,-1,-1,1,1,0,0,1,0,1,0,1,0,1,0,1,1,1,1,1,0,1,0,0,0,1,0,0
-283,-1,-1,3,0,1,1,1,0,1,0,1,0,1,1,1,0,0,0,1,0,0,0,0,1,1,1,1
-282,-1,-1,1,0,0,0,1,0,1,0,0,1,1,0,0,1,1,0,0,0,0,0,0,0,1,1,1
-281,-1,-1,0,0,0,0,1,0,1,0,1,0,0,1,1,0,0,1,1,1,1,1,1,1,1,1,1
-280,-1,-1,1,1,1,1,1,0,1,1,1,1,1,1,1,1,1,0,0,0,1,0,0,1,1,0,1
-279,-1,-1,0,0,1,0,1,0,1,1,1,0,1,1,1,0,0,1,1,0,1,1,1,0,1,0,1
-278,-1,-1,1,1,0,0,1,0,0,0,1,1,1,0,0,0,1,1,1,1,1,1,1,1,1,1,1
-277,-1,-1,0,0,1,1,1,1,1,0,1,0,1,1,1,0,0,0,0,0,0,0,1,0,1,0,0
-276,-1,-1,3,1,0,1,1,1,1,0,1,0,1,1,1,0,0,0,0,0,0,0,0,0,1,1,1
-275,-1,-1,0,1,0,0,1,0,1,0,1,0,1,1,1,1,1,0,0,0,0,1,1,0,1,0,0
-274,-1,-1,2,0,0,0,1,0,1,1,1,1,1,0,1,1,1,0,0,0,0,1,1,0,1,1,1
-273,-1,-1,2,1,0,0,1,0,1,1,1,0,1,1,1,0,0,1,1,0,0,0,0,1,1,0,0
-272,-1,-1,3,1,1,1,1,0,1,1,1,1,1,1,1,0,0,0,0,1,1,0,1,1,1,0,0
-271,-1,-1,2,0,0,1,1,0,1,1,1,0,1,0,1,0,0,0,0,0,0,1,1,1,1,0,0
-270,-1,-1,0,0,0,1,1,0,1,1,1,0,1,0,0,0,0,1,1,1,1,1,1,1,1,0,0
-269,-1,-1,1,1,1,0,1,0,1,0,1,1,1,0,0,0,0,1,1,1,1,0,0,0,0,1,1
-268,-1,-1,3,1,1,0,1,0,1,0,1,1,1,1,1,0,0,1,1,0,0,0,0,1,1,0,0
-267,-1,-1,3,1,1,1,1,0,1,0,1,1,1,1,1,0,0,1,1,1,1,1,1,0,1,0,1
-266,-1,-1,1,0,0,0,1,1,1,0,0,1,1,0,0,1,1,0,0,1,1,1,1,0,1,0,0
-265,-1,-1,0,0,0,1,1,0,1,1,1,0,1,0,0,1,1,1,1,0,0,0,0,0,1,0,0
-264,-1,-1,2,1,0,1,1,1,1,0,1,1,1,0,0,0,0,0,0,1,1,1,1,0,1,1,1
-263,-1,-1,1,1,0,0,1,0,1,0,1,0,1,0,0,0,0,1,1,1,1,1,1,1,1,1,1
-262,-1,-1,1,0,0,0,1,1,1,1,1,0,1,1,1,0,1,0,1,1,1,0,1,0,1,1,1
-261,-1,-1,3,0,0,0,1,0,1,1,1,0,1,1,1,0,0,1,1,0,0,0,0,0,0,1,1
-260,-1,-1,2,0,0,1,1,1,1,1,1,0,1,0,0,0,1,0,1,1,1,0,0,1,1,0,0
-259,-1,-1,0,0,0,1,1,0,1,0,1,0,1,1,1,1,1,0,0,1,1,1,1,1,1,1,1
-258,-1,-1,3,0,1,0,1,1,1,0,1,0,1,0,1,0,0,1,1,0,0,0,0,0,1,1,1
-257,-1,-1,0,0,0,1,1,0,1,1,1,1,1,1,1,0,0,1,1,0,0,1,1,0,1,0,0
-256,-1,-1,2,1,0,1,1,0,1,1,1,1,1,0,1,1,1,0,0,1,1,0,0,1,1,1,1
-255,-1,-1,2,1,1,0,1,1,1,1,1,1,1,0,0,0,0,1,1,1,1,1,1,0,1,1,1
-254,-1,-1,3,0,1,1,1,0,1,0,1,1,1,0,0,0,0,1,1,0,0,1,1,1,1,1,1
-253,-1,-1,2,0,0,1,1,1,1,1,1,1,1,0,0,0,0,0,0,0,0,0,0,0,1,1,1
-252,-1,-1,2,0,1,0,1,0,0,1,1,1,1,0,1,1,1,1,1,0,0,1,1,0,1,0,0
-251,-1,-1,0,0,0,0,1,0,1,1,1,0,1,1,1,1,1,1,1,1,1,0,0,1,1,1,1
-250,-1,-1,2,0,1,0,1,0,1,0,1,1,1,1,1,0,0,1,1,0,0,1,1,1,1,0,1
-249,-1,-1,1,0,1,1,1,0,1,0,1,1,1,0,0,1,1,1,1,0,0,0,0,0,0,0,0
-248,-1,-1,3,1,0,1,1,0,1,0,1,1,1,1,1,1,1,1,1,0,0,0,0,1,1,1,1
-247,-1,-1,2,1,0,0,1,0,1,1,1,0,1,0,0,0,0,0,0,0,0,1,1,0,0,0,0
-246,-1,-1,0,0,1,1,1,0,1,0,1,1,1,1,1,0,1,0,1,1,1,0,0,0,1,0,1
-245,-1,-1,1,1,0,0,1,0,1,0,0,0,1,0,0,0,0,1,1,0,0,1,1,0,1,0,0
-244,-1,-1,1,1,1,1,1,1,1,0,1,1,1,1,1,0,1,0,0,0,0,1,1,0,1,0,0
-243,-1,-1,0,0,0,1,1,0,1,0,1,1,1,1,1,0,1,1,1,0,0,1,1,1,1,1,1
-242,-1,-1,2,1,0,0,1,0,1,0,1,1,1,0,0,0,0,1,1,1,1,1,1,1,1,0,0
-241,-1,-1,2,0,1,0,1,0,1,1,1,0,1,1,1,1,1,1,1,0,0,1,1,1,1,0,0
-240,-1,-1,3,1,0,1,1,0,1,0,1,0,0,1,1,1,1,0,0,1,1,1,1,0,1,0,0
-239,-1,-1,2,1,1,1,1,0,1,0,1,0,0,0,1,0,0,0,0,0,0,0,0,1,1,0,0
-238,-1,-1,1,0,0,1,1,1,1,0,1,1,1,1,1,1,1,0,0,0,0,1,1,0,1,0,1
-237,-1,-1,1,0,0,1,1,0,1,0,1,0,1,0,0,1,1,0,0,0,0,1,1,1,1,0,0
-236,-1,-1,2,0,0,0,1,0,1,0,1,1,1,1,1,0,0,1,1,0,1,0,1,1,1,1,1
-235,-1,-1,2,1,0,0,1,0,1,0,1,0,1,0,1,0,0,1,1,0,0,0,0,0,1,0,0
-234,-1,-1,3,1,0,0,1,1,1,0,1,0,1,0,0,0,0,0,0,1,1,1,1,1,1,0,0
-233,-1,-1,2,0,0,1,1,1,1,0,1,1,1,1,1,0,0,1,1,0,0,1,1,1,1,1,1
-232,-1,-1,2,0,1,1,1,0,1,1,1,0,1,1,1,1,1,0,1,0,0,0,0,0,1,0,0
-231,-1,-1,3,1,1,1,1,0,1,1,1,1,1,0,1,0,1,1,1,0,0,1,1,1,1,0,1
-230,-1,-1,1,1,1,0,1,0,1,0,1,0,1,0,1,0,0,0,1,0,1,0,0,1,1,0,0
-229,-1,-1,1,0,0,0,1,0,1,0,1,0,1,1,1,0,0,1,1,0,0,1,1,0,1,0,1
-228,-1,-1,2,0,0,1,1,1,1,0,1,0,1,1,1,0,1,1,1,0,1,0,1,0,1,0,0
-227,-1,-1,0,0,0,1,1,1,1,0,0,1,1,0,1,1,1,1,1,0,0,1,1,0,1,0,1
-226,-1,-1,0,0,1,1,1,0,1,1,1,1,1,1,1,1,1,0,0,0,0,0,0,0,1,1,1
-225,-1,-1,1,0,1,1,1,1,1,1,1,0,1,1,1,1,1,1,1,0,0,1,1,0,1,1,1
-224,-1,-1,1,1,1,0,1,0,1,1,1,0,0,0,0,0,0,0,1,1,1,1,1,0,1,1,1
-223,-1,-1,1,1,1,1,1,0,1,0,1,0,1,0,1,0,0,1,1,1,1,1,1,1,1,1,1
-222,-1,-1,2,1,0,1,1,0,1,0,1,0,1,1,1,1,1,0,1,1,1,1,1,0,1,0,0
-221,-1,-1,3,1,0,0,1,0,0,1,1,1,1,1,1,0,0,0,0,1,1,1,1,0,0,0,0
-220,-1,-1,0,0,0,0,1,0,1,0,1,1,1,0,1,0,0,1,1,1,1,1,1,0,1,0,0
-219,-1,-1,0,1,1,1,1,0,1,0,1,0,1,0,0,1,1,0,1,0,0,0,0,0,0,1,1
-218,-1,-1,2,0,0,1,1,1,1,1,1,1,1,1,1,0,0,1,1,0,0,1,1,1,1,0,1
-217,-1,-1,1,0,1,1,1,1,1,0,1,1,1,1,1,1,1,1,1,1,1,0,0,1,1,0,0
-216,-1,-1,2,0,0,0,1,0,1,1,1,1,1,1,1,0,1,0,1,0,0,0,0,1,1,0,1
-215,-1,-1,3,0,0,1,1,0,1,1,1,0,1,0,0,0,0,1,1,1,1,0,0,1,1,0,0
-214,-1,-1,0,1,1,0,1,0,1,0,1,0,1,0,0,0,0,0,0,0,0,0,1,1,1,0,0
-213,-1,-1,0,1,0,1,1,1,1,0,1,0,1,0,0,0,0,1,1,1,1,1,1,1,1,1,1
-212,-1,-1,0,1,0,0,1,0,1,0,0,0,1,1,1,0,0,1,1,1,1,1,1,0,1,1,1
-211,-1,-1,1,0,0,0,1,0,0,1,1,1,1,0,1,1,1,0,0,0,0,0,0,1,1,1,1
-210,-1,-1,1,1,1,0,1,0,0,0,1,1,1,1,1,0,0,0,1,0,0,0,0,1,1,1,1
-209,-1,-1,1,1,0,0,1,0,1,0,0,0,0,1,1,0,0,1,1,0,1,0,0,0,1,0,1
-208,-1,-1,1,0,0,1,1,0,1,0,1,1,1,1,1,1,1,0,0,1,1,1,1,1,1,1,1
-207,-1,-1,1,0,1,1,1,0,1,0,1,1,1,1,1,0,0,1,1,1,1,1,1,1,1,0,1
-206,-1,-1,1,0,0,1,1,1,1,0,1,0,0,0,0,0,0,0,0,1,1,0,0,0,1,0,0
-205,-1,-1,0,1,0,1,1,0,1,0,1,1,1,1,1,0,0,0,1,0,0,1,1,1,1,0,0
-204,-1,-1,0,0,1,0,1,1,1,0,0,1,1,1,1,0,0,1,1,1,1,1,1,0,1,0,1
-203,-1,-1,0,1,0,0,1,1,1,1,1,1,1,1,1,1,1,1,1,1,1,0,0,0,1,0,1
-202,-1,-1,2,0,0,0,1,0,1,0,1,1,1,0,1,0,0,0,1,0,0,0,0,0,0,0,1
-201,-1,-1,0,1,0,0,1,1,1,1,1,0,1,1,1,1,1,0,1,0,0,1,1,1,1,1,1
-200,-1,-1,1,1,0,1,1,0,1,0,1,1,1,0,1,0,0,1,1,1,1,0,1,1,1,1,1
-199,-1,-1,3,0,1,0,1,0,1,1,1,0,1,0,0,0,0,1,1,0,0,0,0,1,1,0,0
-198,-1,-1,1,1,1,1,1,0,1,0,1,0,0,0,0,1,1,0,0,0,0,1,1,1,1,0,0
-197,-1,-1,1,1,0,1,1,0,1,0,1,1,1,1,1,0,0,0,1,1,1,1,1,0,1,0,0
-196,-1,-1,3,1,0,1,1,1,1,0,1,0,1,1,1,0,0,0,1,0,0,0,0,1,1,1,1
-195,-1,-1,2,0,0,0,1,1,1,1,1,1,1,0,0,1,1,0,0,1,1,1,1,0,1,1,1
-194,-1,-1,2,1,1,0,1,0,1,0,1,0,1,0,1,1,1,0,1,1,1,0,0,1,1,0,0
-193,-1,-1,1,1,0,1,1,0,0,0,1,0,1,1,1,0,0,1,1,0,0,1,1,0,1,1,1
-192,-1,-1,2,0,1,1,1,0,1,0,1,0,0,0,0,0,0,0,1,0,0,1,1,1,1,1,1
-191,-1,-1,1,0,0,1,1,0,1,0,1,1,1,0,0,0,0,1,1,0,0,1,1,1,1,0,0
-190,-1,-1,1,1,1,0,1,0,1,0,1,0,1,0,0,0,0,0,1,0,0,1,1,0,1,0,1
-189,-1,-1,2,1,0,1,1,0,1,1,1,0,1,0,0,0,0,0,0,1,1,1,1,1,1,0,0
-188,-1,-1,2,0,1,1,1,1,1,1,1,1,1,0,0,1,1,1,1,0,0,1,1,0,1,1,1
-187,-1,-1,1,1,1,0,1,0,1,0,1,0,1,0,0,0,0,0,0,0,0,0,0,0,1,0,1
-186,-1,-1,3,1,1,0,1,1,1,1,1,1,1,0,0,0,0,1,1,0,0,0,0,0,1,1,1
-185,-1,-1,2,0,0,0,1,0,1,0,1,0,1,0,0,0,0,0,0,1,1,0,1,1,1,1,1
-184,-1,-1,1,1,0,0,1,1,1,1,1,1,1,0,0,0,0,1,1,0,1,1,1,1,1,1,1
-183,-1,-1,2,1,0,1,1,1,1,0,1,0,1,0,0,0,0,0,1,1,1,0,0,0,0,1,1
-182,-1,-1,3,1,0,0,1,1,1,0,1,1,1,0,1,1,1,1,1,1,1,0,1,0,1,0,0
-181,-1,-1,0,0,0,0,1,0,1,0,1,0,1,1,1,1,1,1,1,0,0,0,0,1,1,0,0
-180,-1,-1,2,0,0,0,1,1,1,1,1,1,1,0,0,1,1,0,0,0,0,0,0,0,1,1,1
-179,-1,-1,3,0,0,0,1,1,1,1,1,0,0,1,1,0,0,0,1,1,1,1,1,1,1,0,0
-178,-1,-1,2,0,0,0,1,0,1,0,1,0,1,0,0,1,1,0,1,0,0,1,1,0,1,0,1
-177,-1,-1,3,1,0,0,1,1,1,1,1,0,1,1,1,0,0,0,1,1,1,1,1,1,1,1,1
-176,-1,-1,0,0,0,0,1,0,1,0,1,0,1,0,0,0,0,0,1,0,0,0,0,0,0,1,1
-175,-1,-1,0,0,0,1,1,1,1,1,1,0,1,0,1,0,0,1,1,1,1,0,0,0,1,1,1
-174,-1,-1,0,1,0,0,1,0,0,0,1,1,1,1,1,0,0,1,1,0,0,0,0,0,1,1,1
-173,-1,-1,3,0,1,1,1,0,1,0,1,1,1,1,1,0,0,1,1,1,1,0,1,0,0,1,1
-172,-1,-1,3,0,1,1,1,1,1,0,1,1,1,1,1,1,1,0,1,1,1,0,0,0,1,0,0
-171,-1,-1,1,0,1,0,1,1,1,0,1,0,1,1,1,1,1,1,1,0,1,1,1,1,1,0,1
-170,-1,-1,1,1,0,0,1,0,1,0,1,0,1,1,1,0,0,0,0,1,1,1,1,0,1,0,0
-169,-1,-1,0,1,0,0,1,0,1,1,1,1,1,1,1,0,0,1,1,0,0,1,1,1,1,1,1
-168,-1,-1,2,0,0,0,1,0,1,0,1,1,1,0,0,0,0,0,0,0,1,1,1,0,1,1,1
-167,-1,-1,0,1,0,0,1,0,1,0,1,1,1,1,1,1,1,0,0,1,1,0,0,1,1,0,0
-166,-1,-1,3,1,1,1,1,0,1,0,1,0,1,0,1,0,0,1,1,0,1,1,1,0,1,1,1
-165,-1,-1,1,0,1,1,1,1,1,0,1,0,1,0,1,1,1,1,1,1,1,0,0,0,1,0,1
-164,-1,-1,2,0,0,1,1,0,1,0,1,0,1,1,1,1,1,1,1,0,0,1,1,1,1,1,1
-163,-1,-1,2,1,0,0,1,1,1,0,1,1,1,1,1,1,1,0,0,1,1,1,1,0,1,0,1
-162,-1,-1,2,0,0,0,1,0,1,0,1,0,1,1,1,0,0,1,1,1,1,1,1,0,0,0,0
-161,-1,-1,1,0,1,1,1,1,1,0,1,0,1,0,0,1,1,1,1,0,0,1,1,1,1,0,0
-160,-1,-1,3,0,1,0,1,0,1,1,1,0,1,1,1,0,0,1,1,1,1,0,0,1,1,1,1
-159,-1,-1,3,0,1,1,1,0,1,0,1,1,1,0,0,1,1,0,1,0,1,0,0,1,1,1,1
-158,-1,-1,3,0,0,0,1,0,1,0,1,1,1,0,0,1,1,0,0,0,1,1,1,0,0,0,1
-157,-1,-1,2,0,1,1,1,0,1,1,1,0,1,1,1,1,1,0,1,0,1,0,1,0,1,0,1
-156,-1,-1,3,1,0,1,1,0,1,1,1,0,1,1,1,0,0,0,0,0,0,0,1,0,1,0,0
-155,-1,-1,3,0,1,0,1,1,1,0,1,0,1,1,1,0,0,1,1,1,1,0,1,1,1,0,1
-154,-1,-1,3,1,0,1,1,1,1,1,1,1,1,0,0,1,1,0,0,1,1,0,0,0,1,0,0
-153,-1,-1,2,1,0,0,1,0,1,0,1,0,1,1,1,1,1,1,1,1,1,0,1,1,1,0,1
-152,-1,-1,3,1,1,1,1,0,1,0,1,1,1,1,1,1,1,1,1,1,1,0,1,0,0,1,1
-151,-1,-1,3,1,1,1,1,1,1,0,1,1,1,0,0,0,1,0,1,1,1,0,0,0,1,1,1
-150,-1,-1,1,1,1,0,1,1,1,0,1,1,1,0,1,0,0,0,1,0,1,0,0,1,1,0,1
-149,-1,-1,0,1,0,0,1,0,1,0,1,0,1,0,0,0,0,1,1,0,0,0,1,1,1,0,0
-148,-1,-1,2,1,0,0,1,1,1,0,1,1,1,0,1,1,1,1,1,0,0,0,0,0,1,1,1
-147,-1,-1,3,1,0,1,1,0,1,1,1,0,1,1,1,0,1,0,0,0,0,0,0,0,1,1,1
-146,-1,-1,1,0,1,1,1,1,1,0,1,0,1,1,1,1,1,0,1,1,1,1,1,0,1,1,1
-145,-1,-1,3,0,1,0,1,0,1,0,1,0,0,1,1,0,0,1,1,0,0,1,1,0,1,1,1
-144,-1,-1,2,0,0,1,1,0,1,0,1,1,1,0,1,0,0,1,1,0,0,0,0,0,1,0,0
-143,-1,-1,3,1,1,1,1,0,1,0,1,1,1,0,0,0,0,0,0,0,0,0,0,1,1,1,1
-142,-1,-1,3,1,0,1,1,0,1,1,1,0,1,1,1,0,0,1,1,0,0,1,1,1,1,1,1
-141,-1,-1,0,0,1,1,1,0,1,0,1,0,1,0,0,0,0,1,1,1,1,1,1,0,1,0,0
-140,-1,-1,2,0,1,1,1,1,1,1,1,0,1,1,1,0,1,0,1,0,0,1,1,0,1,1,1
-139,-1,-1,3,0,1,0,1,1,1,0,1,0,1,1,1,1,1,0,0,0,0,0,0,0,1,1,1
-138,-1,-1,0,1,1,1,1,0,1,0,1,1,1,0,0,0,0,1,1,1,1,1,1,1,1,0,0
-137,-1,-1,3,1,0,1,1,0,1,0,1,1,1,0,1,0,0,1,1,1,1,1,1,0,1,0,0
-136,-1,-1,2,1,0,0,1,1,1,0,1,0,1,1,1,0,0,0,1,1,1,0,0,1,1,1,1
-135,-1,-1,0,1,1,1,1,1,1,0,1,1,1,0,0,1,1,0,0,0,1,0,0,1,1,1,1
-134,-1,-1,2,0,0,0,1,0,1,0,1,1,1,0,1,1,1,0,1,1,1,1,1,0,1,0,0
-133,-1,-1,3,1,1,0,1,0,0,1,1,0,1,1,1,1,1,1,1,1,1,1,1,0,1,1,1
-132,-1,-1,2,0,1,1,1,1,1,0,1,0,1,0,1,0,1,0,1,1,1,0,0,0,1,0,0
-131,-1,-1,0,1,0,0,1,1,1,0,1,1,1,0,0,1,1,0,0,1,1,0,1,1,1,0,0
-130,-1,-1,2,0,1,0,1,1,1,0,1,0,1,0,0,1,1,1,1,1,1,0,1,1,1,0,0
-129,-1,-1,1,0,1,0,1,0,0,0,1,1,1,1,1,0,1,1,1,0,1,0,0,1,1,1,1
-128,-1,-1,1,1,0,1,1,0,1,1,1,1,1,1,1,1,1,1,1,0,0,0,0,0,1,0,0
-127,-1,-1,0,0,0,1,1,0,1,0,1,0,1,1,1,1,1,0,0,0,0,0,0,0,1,0,1
-126,-1,-1,0,1,1,0,1,0,1,0,1,1,1,1,1,1,1,1,1,0,0,0,0,1,1,1,1
-125,-1,-1,2,0,0,0,1,1,1,0,1,1,1,1,1,1,1,1,1,0,1,1,1,0,1,0,0
-124,-1,-1,3,0,0,1,1,0,1,1,1,1,1,0,0,1,1,1,1,0,0,0,0,1,1,1,1
-123,-1,-1,0,0,0,1,1,0,1,0,1,0,0,0,0,1,1,1,1,1,1,1,1,0,1,1,1
-122,-1,-1,1,1,1,1,1,1,1,0,1,0,1,1,1,0,1,1,1,0,0,0,0,0,1,1,1
-121,-1,-1,3,0,1,1,1,0,1,0,1,0,1,0,0,0,0,0,0,1,1,0,0,1,1,0,1
-120,-1,-1,2,1,1,1,1,0,1,0,1,0,0,0,0,0,0,0,0,1,1,0,0,1,1,0,1
-119,-1,-1,1,1,0,1,1,0,1,0,1,0,1,0,1,0,1,0,1,1,1,0,0,0,1,0,0
-118,-1,-1,1,0,1,1,1,0,1,0,1,0,1,0,1,0,1,1,1,0,1,0,1,0,1,0,0
-117,-1,-1,0,1,0,1,1,0,1,1,1,1,1,0,1,0,1,1,1,1,1,0,0,0,1,0,0
-116,-1,-1,0,1,0,0,1,0,1,0,1,0,1,1,1,0,1,0,0,1,1,1,1,1,1,0,0
-115,-1,-1,1,1,0,0,1,0,1,0,1,0,1,0,0,1,1,1,1,1,1,0,0,0,0,1,1
-114,-1,-1,3,1,0,0,1,0,1,0,1,0,1,0,0,1,1,1,1,0,0,0,0,1,1,1,1
-113,-1,-1,3,0,1,0,1,0,1,1,1,1,1,0,0,1,1,1,1,1,1,0,1,1,1,0,0
-112,-1,-1,1,0,0,1,1,0,1,0,1,0,1,1,1,0,0,1,1,0,1,0,1,1,1,0,1
-111,-1,-1,0,1,0,1,1,1,1,0,1,0,1,1,1,0,0,1,1,1,1,1,1,1,1,1,1
-110,-1,-1,2,0,1,1,1,1,1,0,1,0,1,1,1,1,1,1,1,1,1,0,0,1,1,0,1
-109,-1,-1,2,0,0,1,1,0,1,0,1,0,1,1,1,1,1,0,1,0,0,0,0,0,1,1,1
-108,-1,-1,3,1,0,1,1,0,1,0,1,1,1,0,0,0,1,1,1,1,1,0,0,0,1,0,0
-107,-1,-1,1,0,0,0,1,0,1,0,1,1,1,1,1,0,0,0,1,1,1,1,1,1,1,0,0
-106,-1,-1,2,1,1,1,1,0,1,0,1,1,1,0,1,1,1,0,1,0,1,0,0,0,1,0,1
-105,-1,-1,2,1,0,0,1,0,1,0,1,0,1,1,1,1,1,1,1,1,1,0,0,1,1,1,1
-104,-1,-1,1,0,0,1,1,1,1,0,1,0,1,0,0,1,1,0,0,1,1,0,0,0,1,1,1
-103,-1,-1,3,0,1,1,1,0,0,0,1,0,1,0,0,0,0,1,1,1,1,0,0,0,1,1,1
-102,-1,-1,2,1,0,1,1,1,1,1,1,0,0,1,1,0,0,0,0,1,1,0,0,0,0,0,0
-101,-1,-1,2,0,0,1,1,0,1,1,1,0,1,0,0,1,1,0,0,0,0,0,1,0,0,1,1
-100,-1,-1,3,1,1,1,1,0,1,0,1,1,1,1,1,0,0,1,1,1,1,1,1,0,1,0,0
-99,-1,-1,0,1,0,0,1,0,1,1,1,0,1,1,1,0,0,0,0,0,0,1,1,0,1,1,1
-98,-1,-1,3,0,1,0,1,0,1,1,1,0,0,0,0,0,0,0,1,1,1,0,0,1,1,1,1
-97,-1,-1,2,1,1,0,1,0,1,0,1,0,1,0,0,0,0,1,1,1,1,1,1,0,1,0,1
-96,-1,-1,2,0,0,1,1,0,1,0,1,0,1,0,0,1,1,1,1,0,0,0,0,0,1,0,0
-95,-1,-1,1,0,1,0,1,0,1,1,1,0,1,0,1,1,1,1,1,0,1,0,0,1,1,0,1
-94,-1,-1,1,0,0,0,1,0,1,1,1,0,1,0,0,1,1,1,1,1,1,1,1,0,0,0,1
-93,-1,-1,0,1,0,1,1,0,1,0,1,0,0,1,1,0,0,0,1,1,1,0,0,0,1,1,1
-92,-1,-1,3,1,0,0,1,1,1,1,1,0,1,0,0,0,0,0,1,1,1,0,0,1,1,0,0
-91,-1,-1,3,1,1,0,1,0,1,1,1,1,1,1,1,0,0,1,1,0,0,0,0,0,1,0,0
-90,-1,-1,0,1,0,1,1,1,1,1,1,0,1,1,1,0,0,0,1,0,0,0,0,0,1,0,0
-89,-1,-1,2,0,0,1,1,1,1,0,1,0,1,0,1,0,0,0,0,1,1,0,0,0,1,0,1
-88,-1,-1,2,1,1,0,1,0,1,0,1,0,1,1,1,0,0,0,0,0,0,0,0,1,1,1,1
-87,-1,-1,3,0,0,0,1,0,1,1,1,1,1,0,0,1,1,0,1,0,0,1,1,1,1,1,1
-86,-1,-1,3,0,1,1,1,1,1,0,1,0,0,1,1,0,1,1,1,1,1,0,0,0,0,0,0
-85,-1,-1,3,0,1,0,1,0,1,1,1,0,1,0,0,1,1,0,1,0,0,1,1,0,0,0,0
-84,-1,-1,3,0,1,1,1,0,1,0,1,1,1,1,1,1,1,1,1,0,1,0,0,0,1,1,1
-83,-1,-1,3,1,0,1,1,1,1,0,1,1,1,0,0,1,1,1,1,0,0,0,0,0,1,0,1
-82,-1,-1,2,1,0,1,1,0,0,0,1,0,0,1,1,0,0,1,1,1,1,0,0,1,1,1,1
-81,-1,-1,1,0,0,0,1,1,1,1,1,1,1,1,1,1,1,1,1,1,1,1,1,0,1,1,1
-80,-1,-1,0,0,0,0,1,1,1,0,1,0,1,1,1,0,0,0,0,0,0,0,1,1,1,0,0
-79,-1,-1,0,1,0,1,1,0,1,1,1,1,1,0,0,0,0,1,1,1,1,1,1,1,1,0,1
-78,-1,-1,0,0,0,0,1,1,1,0,1,0,1,0,0,1,1,1,1,1,1,1,1,0,1,0,0
-77,-1,-1,1,0,0,1,1,0,1,0,1,1,1,1,1,0,0,0,1,1,1,0,1,1,1,1,1
-76,-1,-1,1,0,0,1,1,1,1,1,1,1,1,0,1,0,0,0,0,0,0,0,1,1,1,0,0
-75,-1,-1,2,0,0,0,1,0,1,1,1,0,1,0,0,1,1,1,1,0,0,1,1,1,1,0,1
-74,-1,-1,0,1,0,0,1,0,1,0,1,0,1,1,1,0,0,1,1,0,0,1,1,1,1,0,0
-73,-1,-1,1,1,1,0,1,0,1,1,1,0,1,1,1,1,1,0,1,0,0,1,1,1,1,0,0
-72,-1,-1,3,0,0,1,1,1,1,0,1,0,1,0,0,0,1,1,1,0,0,1,1,1,1,0,0
-71,-1,-1,2,0,0,0,1,0,1,0,1,1,1,0,0,1,1,1,1,0,0,1,1,0,1,1,1
-70,-1,-1,1,0,1,0,1,0,1,1,1,0,1,1,1,1,1,0,0,1,1,0,0,0,1,1,1
-69,-1,-1,3,1,1,1,1,1,1,0,1,0,1,0,0,0,1,0,0,0,0,0,0,1,1,1,1
-68,-1,-1,2,0,1,1,1,1,1,0,1,0,1,1,1,1,1,1,1,0,0,0,0,0,0,0,0
-67,-1,-1,1,1,1,1,1,0,1,1,1,1,1,1,1,0,0,0,0,1,1,1,1,0,0,1,1
-66,-1,-1,1,1,1,0,1,0,1,1,1,0,1,1,1,0,0,0,0,1,1,0,1,0,1,0,0
-65,-1,-1,0,0,1,1,1,0,1,0,1,0,1,1,1,0,0,1,1,1,1,0,0,1,1,1,1
-64,-1,-1,2,1,1,1,1,0,1,1,1,0,1,0,0,0,1,1,1,1,1,0,1,0,1,0,0
-63,-1,-1,3,0,1,0,1,0,1,1,1,1,1,1,1,0,0,0,0,1,1,0,0,0,1,0,1
-62,-1,-1,3,1,0,1,1,0,0,0,1,1,1,1,1,1,1,1,1,0,0,0,0,1,1,0,0
-61,-1,-1,0,1,1,0,1,1,1,0,1,0,0,0,0,1,1,0,0,0,1,0,0,1,1,0,0
-60,-1,-1,2,0,1,0,1,0,1,0,1,0,1,1,1,0,0,1,1,1,1,1,1,0,1,1,1
-59,-1,-1,1,1,1,1,1,1,1,0,1,0,0,0,0,0,0,1,1,0,1,0,0,0,1,0,0
-58,-1,-1,2,1,1,0,1,0,1,0,0,0,0,0,0,1,1,1,1,1,1,1,1,0,1,1,1
-57,-1,-1,0,1,1,1,1,0,1,0,1,1,1,0,0,0,0,1,1,0,0,0,0,1,1,1,1
-56,-1,-1,3,0,0,1,1,0,1,0,1,0,1,1,1,1,1,1,1,1,1,1,1,1,1,0,1
-55,-1,-1,1,0,1,1,1,0,1,0,1,1,1,0,0,1,1,1,1,1,1,1,1,0,1,0,0
-54,-1,-1,1,1,0,0,1,0,1,0,1,1,1,0,0,1,1,0,1,0,0,1,1,0,1,0,0
-53,-1,-1,2,1,1,0,1,0,1,0,1,1,1,1,1,0,0,1,1,0,0,1,1,1,1,0,0
-52,-1,-1,0,0,1,1,1,0,1,0,1,0,0,1,1,0,0,0,1,0,0,0,0,1,1,1,1
-51,-1,-1,3,1,0,0,1,1,1,0,1,1,1,1,1,0,0,0,1,0,1,0,0,0,1,0,0
-50,-1,-1,2,1,0,0,1,0,1,0,1,0,1,1,1,1,1,1,1,0,0,1,1,1,1,1,1
-49,-1,-1,2,0,0,1,1,0,1,0,1,0,0,0,0,0,0,0,1,0,0,1,1,1,1,0,0
-48,-1,-1,0,1,1,1,1,1,1,0,1,1,1,1,1,1,1,1,1,0,0,1,1,0,1,1,1
-47,-1,-1,0,1,1,1,1,0,1,0,1,0,1,1,1,0,0,1,1,1,1,0,0,0,1,0,1
-46,-1,-1,3,1,1,0,1,0,1,0,1,1,1,0,0,0,0,1,1,1,1,1,1,1,1,0,0
-45,-1,-1,3,1,1,0,1,1,1,1,1,1,1,0,0,0,1,0,0,0,1,1,1,0,0,1,1
-44,-1,-1,1,1,0,0,1,0,1,0,0,0,1,0,1,0,0,0,0,1,1,1,1,0,0,0,0
-43,-1,-1,0,0,0,1,1,0,1,0,1,0,0,0,0,1,1,1,1,1,1,0,0,0,1,1,1
-42,-1,-1,3,0,0,1,1,0,1,1,1,1,1,1,1,1,1,0,0,1,1,0,1,1,1,0,0
-41,-1,-1,0,0,1,0,1,0,1,0,1,1,1,1,1,0,1,0,0,1,1,1,1,0,1,1,1
-40,-1,-1,1,1,1,0,1,0,1,0,1,0,1,0,0,0,0,0,0,0,0,1,1,0,1,0,0
-39,-1,-1,0,1,0,1,1,1,1,0,1,0,1,0,0,0,0,0,0,0,0,1,1,0,0,0,0
-38,-1,-1,0,1,1,1,1,0,1,0,1,0,1,0,1,0,0,1,1,0,0,1,1,0,1,1,1
-37,-1,-1,1,1,1,1,1,1,1,1,1,1,1,1,1,1,1,0,0,1,1,1,1,1,1,0,0
-36,-1,-1,1,0,0,1,1,1,1,0,1,1,1,0,1,0,0,1,1,1,1,1,1,1,1,0,0
-35,-1,-1,2,1,0,1,1,1,1,0,1,0,1,1,1,0,1,0,0,0,0,0,0,1,1,0,1
-34,-1,-1,0,0,1,1,1,0,1,1,1,0,1,0,0,1,1,0,1,0,0,0,0,0,1,1,1
-33,-1,-1,1,0,1,0,1,0,1,0,1,1,1,0,1,1,1,1,1,1,1,1,1,1,1,1,1
-32,-1,-1,2,1,0,1,1,0,1,0,0,1,1,1,1,1,1,1,1,0,1,0,0,0,1,1,1
-31,-1,-1,0,1,0,0,1,0,1,0,1,0,1,0,0,0,0,1,1,0,1,1,1,1,1,0,0
-30,-1,-1,3,1,1,0,1,0,1,0,1,0,1,0,0,1,1,1,1,1,1,0,1,0,1,1,1
-29,-1,-1,1,0,0,0,1,0,1,0,1,0,0,0,0,1,1,1,1,1,1,1,1,1,1,1,1
-28,-1,-1,0,0,0,0,1,0,1,0,1,0,1,1,1,1,1,1,1,0,0,0,0,0,1,1,1
-27,-1,-1,2,0,1,0,1,1,1,0,1,0,1,1,1,0,0,0,0,0,1,1,1,1,1,0,0
-26,-1,-1,1,0,0,1,1,0,0,0,1,1,1,0,0,0,0,1,1,0,1,0,1,0,1,0,1
-25,-1,-1,2,0,0,0,1,0,1,1,1,0,1,0,1,0,1,1,1,0,1,1,1,1,1,1,1
-24,-1,-1,3,0,0,1,1,0,1,0,1,1,1,1,1,0,0,1,1,1,1,1,1,0,1,0,0
-23,-1,-1,2,0,0,1,1,1,1,1,1,0,0,1,1,0,0,1,1,0,0,1,1,0,1,1,1
-22,-1,-1,3,1,0,1,1,0,1,0,1,1,1,1,1,0,0,1,1,0,0,1,1,1,1,0,1
-21,-1,-1,1,1,1,1,1,0,0,0,1,0,1,1,1,0,0,0,0,0,0,0,0,0,0,0,0
-20,-1,-1,1,0,1,0,1,0,1,0,1,1,1,0,0,0,0,0,0,1,1,0,0,1,1,1,1
-19,-1,-1,0,1,0,0,1,1,1,0,1,0,1,1,1,0,1,0,1,1,1,0,0,1,1,1,1
-18,-1,-1,0,1,1,1,1,1,1,1,1,0,1,1,1,1,1,0,0,0,0,1,1,0,0,0,0
-17,-1,-1,1,0,0,1,1,0,1,0,1,0,0,0,0,1,1,0,1,0,0,0,0,1,1,0,0
-16,-1,-1,2,0,1,0,1,0,1,1,1,0,0,0,0,0,0,0,0,0,1,1,1,0,0,1,1
-15,-1,-1,2,1,1,0,1,0,1,1,1,0,0,0,1,1,1,0,0,1,1,0,0,0,1,0,0
-14,-1,-1,2,0,0,0,1,0,1,1,1,0,1,0,1,0,1,0,0,1,1,1,1,0,1,0,0
-13,-1,-1,1,1,0,1,1,0,1,0,1,1,1,1,1,0,0,1,1,0,0,1,1,0,1,1,1
-12,-1,-1,3,0,0,1,1,0,0,0,1,0,0,1,1,0,0,0,1,1,1,0,1,1,1,0,0
-11,-1,-1,2,0,0,0,1,0,1,1,1,0,1,1,1,0,0,0,0,0,0,0,0,0,0,1,1
-10,-1,-1,2,1,1,0,1,0,1,0,1,1,1,1,1,0,0,0,1,1,1,1,1,0,1,1,1
-9,-1,-1,3,1,1,0,1,0,1,0,1,0,1,1,1,1,1,1,1,0,0,0,1,0,1,1,1
-8,-1,-1,3,1,0,1,1,0,1,1,1,0,1,1,1,0,0,0,0,0,0,1,1,1,1,0,0
-7,-1,-1,0,1,0,0,1,1,1,0,1,0,0,1,1,1,1,0,0,0,0,1,1,0,1,1,1
-6,-1,-1,3,0,0,1,1,0,1,0,1,0,1,0,0,1,1,0,0,1,1,0,0,1,1,1,1
-5,-1,-1,2,1,1,0,1,1,1,1,1,1,1,1,1,0,1,0,1,0,0,0,1,0,1,0,1
-4,-1,-1,2,1,1,0,1,0,1,0,1,1,1,0,1,0,0,1,1,0,0,0,1,0,1,1,1
-3,-1,-1,0,1,0,0,1,1,1,1,1,1,1,1,1,0,0,1,1,0,0,1,1,0,1,1,1
-2,-1,-1,3,0,1,1,1,0,1,0,1,0,1,1,1,1,1,1,1,1,1,0,0,1,1,1,1
-1,-1,-1,0,1,0,1,1,0,1,0,1,0,1,1,1,1,1,0,1,1,1,1,1,1,1,0,0
