year,popsize,propmig,He,Ho,Fis,nadults,sxratio,nmig,Fst,replicate,parameterset,numboff,FstVSource,FisVSource,k,nSNP,maxage,broodsize,maturity,years,r0,ratemort,nSNP.mig,nSNP.cons
0,500,0,0.469558972,0.252868,0.467044795663973,138,0.522,0,0.00343451212585738,1,1,0,NA,NA,500,500,9,2,1,250,1,0.0555555555555556,0,0
1,498,0.00200803212851406,0.469420630312414,0.264979919678715,0.449326168542814,306,0.520080321285141,1,-0.00137026202285892,1,1,28,0.00319291809663211,0.464496881112719,500,500,9,2,1,250,1,0.0555555555555556,0,0
2,498,0.00602409638554217,0.469576551184658,0.277843373493976,0.435759908627925,464,0.538152610441767,0,-0.00130281779589345,1,1,34,0.00317132215529814,0.462240471888808,500,500,9,2,1,250,1,0.0555555555555556,0,0
3,499,0.00801603206412826,0.469516893506452,0.291807615230461,0.420854045528,466,0.543086172344689,1,-0.00119772564892983,1,1,33,0.00320229468627461,0.459755739022024,500,500,9,2,1,250,1,0.0555555555555556,0,0
4,497,0.00603621730382294,0.469417899752641,0.303348088531187,0.40863474919973,464,0.549295774647887,1,-0.00112851393206771,1,1,33,0.00328903036918518,0.457739488045143,500,500,9,2,1,250,1,0.0555555555555556,0,0
5,497,0.0100603621730382,0.469451445089045,0.315452716297787,0.395814148636809,463,0.549295774647887,0,-0.00105154916746666,1,1,34,0.00332155929734834,0.455609398078606,500,500,9,2,1,250,1,0.0555555555555556,0,0
6,498,0.0100401606425703,0.469333418009387,0.328767068273092,0.381528972756698,459,0.552208835341365,1,-0.000878587237777308,1,1,38,0.0033553690990781,0.453225937446673,500,500,9,2,1,250,1,0.0555555555555556,0,0
7,499,0.00801603206412826,0.469116593909261,0.339386773547094,0.370010446625848,471,0.559118236472946,1,-0.000790797253914259,1,1,28,0.00338898807278052,0.451300762154765,500,500,9,2,1,250,1,0.0555555555555556,0,0
8,492,0.0101626016260163,0.469010654207152,0.362524390243902,0.346163292765806,442,0.556910569105691,1,-0.000588311426907265,1,1,50,0.00345232967243617,0.447453898902881,500,500,9,2,1,250,1,0.0555555555555556,0,0
9,471,0.0127388535031847,0.468533616418967,0.411694267515924,0.297600802191531,376,0.532908704883227,0,-1.76229743461554e-06,1,1,95,0.00370046923748688,0.43993363045218,500,500,9,2,1,250,1,0.0555555555555556,0,0
10,445,0.0134831460674157,0.467536235323823,0.465541573033708,0.24766340422666,335,0.50561797752809,1,0.00083050319203761,1,1,110,0.00399937666158557,0.432659535505673,500,500,9,2,1,250,1,0.0555555555555556,0,0
11,487,0.0143737166324435,0.466921064725997,0.464632443531828,0.237796411368867,416,0.498973305954825,0,0.00116283998861091,1,1,71,0.00420946949277421,0.429767135903432,500,500,9,2,1,250,1,0.0555555555555556,0,0
12,496,0.0181451612903226,0.466736549655307,0.463302419354839,0.236962848510147,462,0.493951612903226,0,0.00132168945580186,1,1,34,0.00425929613151861,0.429349163076235,500,500,9,2,1,250,1,0.0555555555555556,0,0
13,498,0.0160642570281124,0.466466391671102,0.463650602409639,0.235913172502723,464,0.491967871485944,1,0.00145851545391394,1,1,34,0.00431051596836321,0.429120671389774,500,500,9,2,1,250,1,0.0555555555555556,0,0
14,498,0.0140562248995984,0.46631507959549,0.463714859437751,0.235721299301689,466,0.491967871485944,1,0.00163387087970564,1,1,32,0.00439946218862242,0.42909405368423,500,500,9,2,1,250,1,0.0555555555555556,0,0
15,498,0.0140562248995984,0.466287926807632,0.463506024096386,0.235921749342403,461,0.491967871485944,1,0.00175897215318187,1,1,37,0.00450720374807804,0.429128207893892,500,500,9,2,1,250,1,0.0555555555555556,0,0
16,499,0.0160320641282565,0.466123244484962,0.462877755511022,0.23622844874984,471,0.501002004008016,0,0.0020002958919335,1,1,28,0.00464580499328665,0.429152774692202,500,500,9,2,1,250,1,0.0555555555555556,0,0
17,493,0.0162271805273834,0.465706692889088,0.462288032454361,0.237896354000731,449,0.519269776876268,1,0.00231410925432746,1,1,44,0.00474559337362105,0.429633628944515,500,500,9,2,1,250,1,0.0555555555555556,0,0
18,477,0.0146750524109015,0.4652101841963,0.461601677148847,0.241977362846181,397,0.528301886792453,1,0.00281695324067301,1,1,80,0.00498008609828392,0.430822445505002,500,500,9,2,1,250,1,0.0555555555555556,0,0
19,464,0.0107758620689655,0.465100800758026,0.46275,0.243852187261333,365,0.530172413793103,1,0.00310310392836843,1,1,99,0.00514825245010663,0.431534980737421,500,500,9,2,1,250,1,0.0555555555555556,0,0
20,478,0.0104602510460251,0.465225223648045,0.462510460251046,0.24080130900338,393,0.52510460251046,1,0.0033988165319785,1,1,85,0.00527796323533451,0.430599197140646,500,500,9,2,1,250,1,0.0555555555555556,0,0
21,494,0.0121457489878543,0.465221385369372,0.461595141700405,0.23800817843828,445,0.516194331983806,1,0.00364718936930584,1,1,49,0.00540800586326471,0.429636765056776,500,500,9,2,1,250,1,0.0555555555555556,0,0
22,498,0.0100401606425703,0.465301091917872,0.462642570281124,0.236037520935608,459,0.524096385542169,1,0.00380963663366894,1,1,39,0.00550070038295699,0.429181198137803,500,500,9,2,1,250,1,0.0555555555555556,0,0
23,497,0.0100603621730382,0.46515703071548,0.46251509054326,0.236285843093477,466,0.523138832997988,0,0.00387431389875961,1,1,31,0.00550541431957017,0.42925909869615,500,500,9,2,1,250,1,0.0555555555555556,0,0
24,496,0.0100806451612903,0.465146421370968,0.462467741935484,0.236557967379331,460,0.526209677419355,0,0.00395306917894965,1,1,36,0.00554004460366234,0.429336301812717,500,500,9,2,1,250,1,0.0555555555555556,0,0
25,499,0.0140280561122244,0.465046586158289,0.461687374749499,0.236620591064085,470,0.519038076152305,0,0.00395067355764079,1,1,29,0.00546703081876847,0.429254664286235,500,500,9,2,1,250,1,0.0555555555555556,0,0
26,495,0.0121212121212121,0.464955649423528,0.462593939393939,0.236499292488499,454,0.519191919191919,1,0.00412365733323629,1,1,41,0.00558588670708687,0.42936493333222,500,500,9,2,1,250,1,0.0555555555555556,0,0
27,487,0.0143737166324435,0.464735639986676,0.462205338809035,0.238597937791254,416,0.509240246406571,1,0.00434672058767333,1,1,71,0.00568451013551291,0.429971500929394,500,500,9,2,1,250,1,0.0555555555555556,0,0
28,475,0.0189473684210526,0.464442708033241,0.461448421052632,0.242008167873678,389,0.503157894736842,0,0.00462981814441748,1,1,85,0.00575236929247944,0.430914654486723,500,500,9,2,1,250,1,0.0555555555555556,0,0
29,476,0.0189075630252101,0.464430305945908,0.461550420168067,0.241651998173406,390,0.510504201680672,0,0.00483538226871261,1,1,86,0.00586215764467897,0.430825952429113,500,500,9,2,1,250,1,0.0555555555555556,0,0
30,490,0.0183673469387755,0.464193948354852,0.461383673469388,0.238328057751483,426,0.528571428571429,1,0.00507769917188213,1,1,63,0.00604317054059221,0.429850461877733,500,500,9,2,1,250,1,0.0555555555555556,0,0
31,494,0.0101214574898785,0.463892401121146,0.462834008097166,0.235610562028087,447,0.506072874493927,1,0.00532996508706298,1,1,47,0.00619727672596847,0.429286396155267,500,500,9,2,1,250,1,0.0555555555555556,0,0
32,496,0.0120967741935484,0.463793720733611,0.462846774193548,0.235050874429828,464,0.502016129032258,0,0.00540551087853687,1,1,32,0.00626796080012425,0.429133578385276,500,500,9,2,1,250,1,0.0555555555555556,0,0
33,496,0.0141129032258065,0.463380454929761,0.461870967741935,0.235754362173091,460,0.504032258064516,1,0.00563933431335501,1,1,35,0.00635767299645308,0.429263860080627,500,500,9,2,1,250,1,0.0555555555555556,0,0
34,499,0.0160320641282565,0.463481206902784,0.461298597194389,0.235756226382719,468,0.496993987975952,1,0.00567922899838762,1,1,31,0.00643654041161258,0.429165244404682,500,500,9,2,1,250,1,0.0555555555555556,0,0
35,496,0.0141129032258065,0.463199556126431,0.461556451612903,0.235942297527483,456,0.481854838709677,0,0.00569978732848846,1,1,39,0.00645112364170466,0.42930106022814,500,500,9,2,1,250,1,0.0555555555555556,0,0
36,485,0.0123711340206186,0.462856422574131,0.460882474226804,0.238953711096965,424,0.490721649484536,1,0.00594376822858374,1,1,61,0.0065509621520748,0.430155215778025,500,500,9,2,1,250,1,0.0555555555555556,0,0
37,480,0.0125,0.462772894965278,0.4596125,0.241408552108848,400,0.502083333333333,0,0.0060979755612742,1,1,80,0.00664359412420044,0.430715012461605,500,500,9,2,1,250,1,0.0555555555555556,0,0
38,478,0.0125523012552301,0.462500507694193,0.459096234309623,0.242208854084252,394,0.493723849372385,1,0.00636499376013745,1,1,84,0.00679085717255858,0.43091622396783,500,500,9,2,1,250,1,0.0555555555555556,0,0
39,484,0.012396694214876,0.462070768731644,0.459743801652893,0.239760416483653,415,0.483471074380165,1,0.0065555140125465,1,1,69,0.00689104834533644,0.430344332108947,500,500,9,2,1,250,1,0.0555555555555556,0,0
40,492,0.0101626016260163,0.461883811719215,0.46029674796748,0.237143264413562,436,0.504065040650406,1,0.00680891457109911,1,1,56,0.00706602012554151,0.429670309020939,500,500,9,2,1,250,1,0.0555555555555556,0,0
41,496,0.0100806451612903,0.461873837473985,0.460088709677419,0.236427042557122,460,0.506048387096774,1,0.00679269804148081,1,1,36,0.00705370175994884,0.429426282689482,500,500,9,2,1,250,1,0.0555555555555556,0,0
42,495,0.0101010101010101,0.461931900826446,0.460509090909091,0.236257311621994,461,0.501010101010101,1,0.00681054027176432,1,1,34,0.00706891888831873,0.429428013719752,500,500,9,2,1,250,1,0.0555555555555556,0,0
43,497,0.0100603621730382,0.461902161459704,0.460486921529175,0.235792970050573,464,0.501006036217304,1,0.00690632732808649,1,1,33,0.0070758479246036,0.429289067333646,500,500,9,2,1,250,1,0.0555555555555556,0,0
44,496,0.0100806451612903,0.461853257511707,0.460181451612903,0.236311105363162,458,0.5,0,0.00705592373116078,1,1,38,0.00713438135161955,0.42940787696219,500,500,9,2,1,250,1,0.0555555555555556,0,0
45,491,0.010183299389002,0.461833275952896,0.460651731160896,0.236958537810286,435,0.4989816700611,0,0.00716068479194146,1,1,56,0.00718176179034513,0.429673301376365,500,500,9,2,1,250,1,0.0555555555555556,0,0
46,483,0.0082815734989648,0.461258653429866,0.460952380952381,0.238069984922988,410,0.505175983436853,1,0.00752359424054271,1,1,73,0.00734205619351252,0.430126943793507,500,500,9,2,1,250,1,0.0555555555555556,0,0
47,479,0.0104384133611691,0.46079171115886,0.460906054279749,0.238705458325415,400,0.490605427974948,0,0.00792061499906218,1,1,79,0.00752673990725035,0.430371676238654,500,500,9,2,1,250,1,0.0555555555555556,0,0
48,483,0.010351966873706,0.460769187574211,0.459142857142857,0.239585969620626,410,0.503105590062112,1,0.008104065112032,1,1,73,0.00763256577368426,0.430390084635474,500,500,9,2,1,250,1,0.0555555555555556,0,0
49,489,0.0081799591002045,0.460479568921174,0.45880163599182,0.238296018835063,426,0.496932515337423,1,0.00845201340095751,1,1,63,0.0078056002579358,0.430001034320072,500,500,9,2,1,250,1,0.0555555555555556,0,0
50,496,0.0100806451612903,0.460640108773413,0.458616935483871,0.236992694060492,453,0.5,0,0.00850689288042315,1,1,42,0.00785609141630126,0.429561522975424,500,500,9,2,1,250,1,0.0555555555555556,0,0
51,499,0.0120240480961924,0.460661423046494,0.457911823647295,0.237075569359123,462,0.50501002004008,1,0.0085512648073874,1,1,36,0.0078404864976803,0.429479992467543,500,500,9,2,1,250,1,0.0555555555555556,0,0
52,498,0.0120481927710843,0.460440170319834,0.457887550200803,0.237149635036233,465,0.51004016064257,1,0.00863187448395704,1,1,32,0.00789581115084907,0.429531235778873,500,500,9,2,1,250,1,0.0555555555555556,0,0
53,497,0.0100603621730382,0.46026464217903,0.457774647887324,0.237356914375305,459,0.511066398390342,1,0.00882348100087692,1,1,38,0.00798664349139557,0.429602823469754,500,500,9,2,1,250,1,0.0555555555555556,0,0
54,492,0.0101626016260163,0.459777021779364,0.456922764227642,0.239025875223445,441,0.518292682926829,1,0.00909795847829427,1,1,51,0.00806233853407088,0.430050207924417,500,500,9,2,1,250,1,0.0555555555555556,0,0
55,486,0.0102880658436214,0.459699177801487,0.456917695473251,0.240369492754475,419,0.502057613168724,1,0.00938890666420887,1,1,67,0.00814501169048547,0.430459495962052,500,500,9,2,1,250,1,0.0555555555555556,0,0
56,485,0.0123711340206186,0.459168183653948,0.454911340206186,0.242302915862142,408,0.505154639175258,1,0.00958490347980739,1,1,77,0.00825991359060202,0.430823082824961,500,500,9,2,1,250,1,0.0555555555555556,0,0
57,484,0.012396694214876,0.459300235639642,0.456347107438017,0.241123360604797,412,0.5,1,0.0096052230885338,1,1,72,0.00828274281477984,0.430657559218185,500,500,9,2,1,250,1,0.0555555555555556,0,0
58,488,0.014344262295082,0.459150375403117,0.455905737704918,0.240532204510069,422,0.495901639344262,1,0.0096620759420675,1,1,66,0.00834057606704468,0.430442078633375,500,500,9,2,1,250,1,0.0555555555555556,0,0
59,493,0.0162271805273834,0.458721990215965,0.454405679513185,0.240625289166032,447,0.494929006085193,0,0.00987380124231537,1,1,46,0.00848564984567033,0.430316662046901,500,500,9,2,1,250,1,0.0555555555555556,0,0
60,496,0.0161290322580645,0.458438377991675,0.453951612903226,0.240192865958283,457,0.48991935483871,1,0.00991683812126868,1,1,39,0.00854956341028612,0.430162368256419,500,500,9,2,1,250,1,0.0555555555555556,0,0
61,495,0.0121212121212121,0.45796463218039,0.454464646464646,0.239485213239765,462,0.490909090909091,1,0.010214511911888,1,1,33,0.00876416360040564,0.43009308858865,500,500,9,2,1,250,1,0.0555555555555556,0,0
62,497,0.0120724346076459,0.457882984020825,0.454744466800805,0.238658668642929,457,0.501006036217304,0,0.0102990698735753,1,1,40,0.00882417767123957,0.429897959177102,500,500,9,2,1,250,1,0.0555555555555556,0,0
63,494,0.0161943319838057,0.457940885770952,0.454097165991903,0.240089657828647,448,0.497975708502024,0,0.0103588599164785,1,1,46,0.00881181006435373,0.430224026536432,500,500,9,2,1,250,1,0.0555555555555556,0,0
64,491,0.0162932790224033,0.457843579543805,0.454786150712831,0.239967179990914,427,0.5010183299389,0,0.0103872472825443,1,1,64,0.00880733059825539,0.430300143985186,500,500,9,2,1,250,1,0.0555555555555556,0,0
65,485,0.0123711340206186,0.457719328302689,0.455863917525773,0.240125434648594,411,0.509278350515464,1,0.0106992222079431,1,1,73,0.00890056100095657,0.430516141799662,500,500,9,2,1,250,1,0.0555555555555556,0,0
66,486,0.01440329218107,0.457440583244424,0.455341563786008,0.240218877366268,413,0.502057613168724,0,0.0107836832876428,1,1,72,0.00887196772712418,0.43050955075336,500,500,9,2,1,250,1,0.0555555555555556,0,0
67,486,0.0123456790123457,0.456895607884977,0.45583950617284,0.239248557023545,419,0.506172839506173,1,0.0110977489186163,1,1,67,0.00905277042345423,0.430369670346286,500,500,9,2,1,250,1,0.0555555555555556,0,0
68,493,0.0121703853955375,0.456681537467753,0.455922920892495,0.237337533340828,440,0.511156186612576,1,0.0112082596780546,1,1,53,0.00912391334206037,0.429846764657695,500,500,9,2,1,250,1,0.0555555555555556,0,0
69,497,0.0100603621730382,0.456605135845253,0.456378269617706,0.235852795367669,453,0.511066398390342,1,0.0113765528406275,1,1,44,0.00923058779247915,0.42948063406474,500,500,9,2,1,250,1,0.0555555555555556,0,0
70,497,0.0120724346076459,0.456797529644669,0.455730382293763,0.236708066997192,465,0.505030181086519,1,0.0111709451181467,1,1,32,0.00905956407447246,0.42961446845022,500,500,9,2,1,250,1,0.0555555555555556,0,0
71,495,0.0161616161616162,0.456662760942761,0.45470303030303,0.238164946850431,459,0.503030303030303,0,0.0110841293092828,1,1,36,0.00898132951075373,0.42992051861049,500,500,9,2,1,250,1,0.0555555555555556,0,0
72,495,0.0161616161616162,0.456537349250076,0.454505050505051,0.238274814145645,449,0.498989898989899,0,0.0110962850547239,1,1,46,0.00898377174621028,0.429942774090794,500,500,9,2,1,250,1,0.0555555555555556,0,0
73,491,0.0162932790224033,0.456505133129529,0.454004073319756,0.239714314658642,431,0.496945010183299,0,0.0111736895707661,1,1,60,0.00900896896413811,0.430303513846084,500,500,9,2,1,250,1,0.0555555555555556,0,0
74,485,0.0144329896907217,0.456266366245084,0.454663917525773,0.24022592220857,417,0.494845360824742,1,0.0113607908690627,1,1,68,0.00906158368215602,0.430580440092647,500,500,9,2,1,250,1,0.0555555555555556,0,0
75,486,0.01440329218107,0.455853058476858,0.45459670781893,0.239726183248451,413,0.520576131687243,0,0.0117544427645263,1,1,73,0.0092936288540882,0.430481938933141,500,500,9,2,1,250,1,0.0555555555555556,0,0
76,487,0.0143737166324435,0.456173648326721,0.454447638603696,0.239908646859431,419,0.505133470225873,1,0.0117460315489217,1,1,68,0.00920740388580447,0.430470034767124,500,500,9,2,1,250,1,0.0555555555555556,0,0
77,492,0.016260162601626,0.456208300284222,0.454130081300813,0.239104669304187,435,0.495934959349593,1,0.0117902184883778,1,1,57,0.0092188473372734,0.430182864670342,500,500,9,2,1,250,1,0.0555555555555556,0,0
78,493,0.0162271805273834,0.456028130130138,0.454235294117647,0.238611978311986,447,0.509127789046653,1,0.0119021597360513,1,1,45,0.00927083511651311,0.430077341853695,500,500,9,2,1,250,1,0.0555555555555556,0,0
79,499,0.0180360721442886,0.455891269512974,0.453571142284569,0.237827488888853,462,0.501002004008016,0,0.0120803298776947,1,1,37,0.00938424430166635,0.429766932765986,500,500,9,2,1,250,1,0.0555555555555556,0,0
80,497,0.0181086519114688,0.455768571185665,0.453412474849095,0.23835735624158,463,0.48692152917505,1,0.0122926625215343,1,1,34,0.00949048356872221,0.429920242065653,500,500,9,2,1,250,1,0.0555555555555556,0,0
81,498,0.0160642570281124,0.45567921081918,0.454285140562249,0.237112982209893,450,0.506024096385542,0,0.0124356697664902,1,1,48,0.00958690788948359,0.429687958794968,500,500,9,2,1,250,1,0.0555555555555556,0,0
82,493,0.0141987829614604,0.455062703405486,0.453586206896552,0.238518716758386,437,0.515212981744422,1,0.0129768534229213,1,1,56,0.00980594773033758,0.430094646894329,500,500,9,2,1,250,1,0.0555555555555556,0,0
83,488,0.0122950819672131,0.45482550473663,0.454299180327869,0.238735750583779,424,0.514344262295082,0,0.0130028777287128,1,1,64,0.00973837800814887,0.430293073113307,500,500,9,2,1,250,1,0.0555555555555556,0,0
84,485,0.0123711340206186,0.454931605909236,0.453307216494845,0.240589218374878,415,0.480412371134021,1,0.0129431395467099,1,1,70,0.00964284894402561,0.430683473439551,500,500,9,2,1,250,1,0.0555555555555556,0,0
85,486,0.01440329218107,0.454430735490864,0.452395061728395,0.240919106824712,418,0.493827160493827,1,0.0131408877839752,1,1,68,0.00974086748038568,0.430722782764621,500,500,9,2,1,250,1,0.0555555555555556,0,0
86,492,0.016260162601626,0.454091446890079,0.451878048780488,0.239790824023512,430,0.502032520325203,1,0.0134516084897752,1,1,62,0.00990490163961971,0.430365892553995,500,500,9,2,1,250,1,0.0555555555555556,0,0
87,492,0.00813008130081301,0.453568919789808,0.453247967479675,0.237892601238248,443,0.49390243902439,1,0.0138514898628516,1,1,49,0.0101151574626236,0.430073885297144,500,500,9,2,1,250,1,0.0555555555555556,0,0
88,493,0.00811359026369168,0.453511279618513,0.453886409736308,0.236924342799492,455,0.503042596348884,0,0.0139953195422553,1,1,38,0.0101672073644936,0.429886820321123,500,500,9,2,1,250,1,0.0555555555555556,0,0
89,496,0.00806451612903226,0.453731021559573,0.454084677419355,0.236188416149649,459,0.522177419354839,0,0.0138763140616904,1,1,37,0.0101237746157908,0.42966553712209,500,500,9,2,1,250,1,0.0555555555555556,0,0
90,494,0.0101214574898785,0.4538360569752,0.452744939271255,0.238184454993814,449,0.502024291497976,0,0.0137970598437518,1,1,45,0.0100680549097104,0.430050488020752,500,500,9,2,1,250,1,0.0555555555555556,0,0
91,492,0.0121951219512195,0.453972205697667,0.452422764227642,0.239108700185149,439,0.471544715447154,0,0.0137090374725675,1,1,53,0.00999931839130228,0.430258623675095,500,500,9,2,1,250,1,0.0555555555555556,0,0
92,490,0.0142857142857143,0.453684206580591,0.451616326530612,0.240205685557888,429,0.487755102040816,1,0.0140456703681124,1,1,61,0.0101662205816388,0.430508635382272,500,500,9,2,1,250,1,0.0555555555555556,0,0
93,487,0.0143737166324435,0.45351982763346,0.451622176591376,0.240769458439,419,0.51129363449692,1,0.0142428669850567,1,1,67,0.0102716316321785,0.4306978732893,500,500,9,2,1,250,1,0.0555555555555556,0,0
94,490,0.0142857142857143,0.453645052061641,0.451489795918367,0.240309350201256,419,0.510204081632653,1,0.0141227267311809,1,1,71,0.0102556695762308,0.430526816365636,500,500,9,2,1,250,1,0.0555555555555556,0,0
95,491,0.0142566191446029,0.453962867252085,0.451649694501018,0.240163723346705,428,0.503054989816701,1,0.0140437735629151,1,1,63,0.0102597175015205,0.43046176487724,500,500,9,2,1,250,1,0.0555555555555556,0,0
96,493,0.0141987829614604,0.454227242243334,0.451565922920892,0.240004697352666,441,0.505070993914807,1,0.0140195441091503,1,1,51,0.0102548832550446,0.43036546985111,500,500,9,2,1,250,1,0.0555555555555556,0,0
97,497,0.0181086519114688,0.454439947532276,0.450627766599598,0.240267801167386,457,0.523138832997988,0,0.0138974868750156,1,1,40,0.0102024503735988,0.430278432134855,500,500,9,2,1,250,1,0.0555555555555556,0,0
98,497,0.0201207243460765,0.454407013509629,0.450148893360161,0.240757229496794,460,0.511066398390342,0,0.0138749629325066,1,1,36,0.0101641548958338,0.430359736569844,500,500,9,2,1,250,1,0.0555555555555556,0,0
99,495,0.0181818181818182,0.454259446995205,0.450961616161616,0.240218971179387,451,0.515151515151515,1,0.0140055203926745,1,1,44,0.0102038905857008,0.430337928104658,500,500,9,2,1,250,1,0.0555555555555556,0,0
100,487,0.0184804928131417,0.454232521956917,0.451067761806981,0.241939627575698,442,0.53388090349076,0,0.0139812749217368,1,1,45,0.0101002709782766,0.430864426520153,500,500,9,2,1,250,1,0.0555555555555556,0,0
101,479,0.0167014613778706,0.45418090489494,0.451010438413361,0.243845715550212,425,0.521920668058455,1,0.0140900130805846,1,1,54,0.0101041809294037,0.431418510794666,500,500,9,2,1,250,1,0.0555555555555556,0,0
102,469,0.0149253731343284,0.453704956787794,0.451053304904051,0.245826023368525,411,0.515991471215352,1,0.0144360785742415,1,1,58,0.0102585599973383,0.432054584892652,500,500,9,2,1,250,1,0.0555555555555556,0,0
103,462,0.0173160173160173,0.453446196660482,0.450735930735931,0.2476675928495,398,0.497835497835498,0,0.0148702039430929,1,1,63,0.0103792302113248,0.432566833820062,500,500,9,2,1,250,1,0.0555555555555556,0,0
104,459,0.0152505446623094,0.453100711502224,0.450723311546841,0.24815325883172,398,0.503267973856209,1,0.0151452957665775,1,1,61,0.0104617056894677,0.432744348139401,500,500,9,2,1,250,1,0.0555555555555556,0,0
105,454,0.0154185022026432,0.452602767373712,0.450995594713656,0.248735663550071,408,0.480176211453745,1,0.0153375931013443,1,1,46,0.0105132379215402,0.433000998318283,500,500,9,2,1,250,1,0.0555555555555556,0,0
106,453,0.0132450331125828,0.452072667378136,0.450551876379691,0.24903430815607,413,0.45916114790287,0,0.0156085450035595,1,1,40,0.010671597146615,0.433093842245604,500,500,9,2,1,250,1,0.0555555555555556,0,0
107,446,0.0134529147982063,0.451659072171168,0.4507533632287,0.250292006045252,417,0.47085201793722,1,0.0159745262109128,1,1,29,0.0107848976224296,0.433511839629324,500,500,9,2,1,250,1,0.0555555555555556,0,0
108,437,0.0160183066361556,0.451731139609046,0.450370709382151,0.253067610801632,403,0.466819221967963,1,0.0158366530626109,1,1,34,0.0105853898792292,0.434208345199053,500,500,9,2,1,250,1,0.0555555555555556,0,0
109,431,0.0208816705336427,0.451874516179392,0.449048723897912,0.256078053810733,394,0.468677494199536,0,0.0157023863755438,1,1,37,0.0104653624572807,0.434845954839726,500,500,9,2,1,250,1,0.0555555555555556,0,0
110,421,0.0190023752969121,0.451504606721921,0.449738717339667,0.257777651186317,376,0.463182897862233,1,0.0159645851649589,1,1,45,0.010511374227481,0.435407109300334,500,500,9,2,1,250,1,0.0555555555555556,0,0
111,410,0.0170731707317073,0.451445520523498,0.449873170731707,0.260605063408305,362,0.45609756097561,1,0.0160579889173823,1,1,48,0.0104125867195233,0.436155461934167,500,500,9,2,1,250,1,0.0555555555555556,0,0
112,401,0.0149625935162095,0.451428722458194,0.450294264339152,0.262698454748902,346,0.478802992518703,0,0.016042398522977,1,1,55,0.0103194589946538,0.436728253034343,500,500,9,2,1,250,1,0.0555555555555556,0,0
113,394,0.0126903553299492,0.451714190007472,0.451390862944162,0.263844342621181,339,0.484771573604061,1,0.0159426651902178,1,1,55,0.010176550768278,0.437091211528259,500,500,9,2,1,250,1,0.0555555555555556,0,0
114,393,0.0101781170483461,0.451912482437568,0.452035623409669,0.26365755844679,347,0.493638676844784,1,0.0160039877198047,1,1,46,0.0101764314430141,0.437086730337303,500,500,9,2,1,250,1,0.0555555555555556,0,0
115,388,0.0103092783505155,0.452030496067595,0.452427835051546,0.264822263781369,353,0.484536082474227,1,0.0160137600077281,1,1,35,0.0100934108012745,0.437398763998615,500,500,9,2,1,250,1,0.0555555555555556,0,0
116,385,0.0155844155844156,0.45230586608197,0.451194805194805,0.267053937930324,361,0.485714285714286,0,0.0158560803171327,1,1,24,0.00996255914109334,0.437807603057394,500,500,9,2,1,250,1,0.0555555555555556,0,0
117,375,0.0186666666666667,0.452545031111111,0.450554666666667,0.270766968420074,352,0.501333333333333,0,0.0156332626337924,1,1,23,0.00978734742733549,0.438627382195454,500,500,9,2,1,250,1,0.0555555555555556,0,0
118,367,0.0190735694822888,0.452319016400745,0.449961852861035,0.273563318303735,338,0.50408719346049,1,0.0157271527777613,1,1,29,0.00974666326407916,0.439260604684363,500,500,9,2,1,250,1,0.0555555555555556,0,0
119,358,0.0195530726256983,0.452659093037046,0.44986592178771,0.276624234680231,322,0.519553072625698,1,0.0155241832815849,1,1,36,0.00955580353339042,0.439940776583024,500,500,9,2,1,250,1,0.0555555555555556,0,0
120,351,0.0170940170940171,0.452792160777916,0.45039886039886,0.278410730962271,308,0.52991452991453,1,0.0155715739582762,1,1,42,0.00950387591190978,0.44038278016249,500,500,9,2,1,250,1,0.0555555555555556,0,0
121,342,0.0233918128654971,0.453176396156082,0.448888888888889,0.282832240879732,298,0.532163742690059,0,0.0154266479872238,1,1,44,0.00932277630781748,0.44124468683913,500,500,9,2,1,250,1,0.0555555555555556,0,0
122,333,0.021021021021021,0.452725752779807,0.448744744744745,0.285567556574969,286,0.525525525525526,1,0.0159123001997235,1,1,47,0.00943380018568248,0.441874911127472,500,500,9,2,1,250,1,0.0555555555555556,0,0
123,329,0.0182370820668693,0.452033480843673,0.448693009118541,0.286493414661106,286,0.534954407294833,1,0.0163929275351926,1,1,43,0.00962103995560138,0.442121358526651,500,500,9,2,1,250,1,0.0555555555555556,0,0
124,324,0.0185185185185185,0.451730100213382,0.449327160493827,0.287424640643309,294,0.54320987654321,1,0.0166540119268286,1,1,30,0.00964336332403967,0.442385626065569,500,500,9,2,1,250,1,0.0555555555555556,0,0
125,319,0.0188087774294671,0.451751741826436,0.448332288401254,0.289955353470205,300,0.526645768025078,0,0.0166162024204546,1,1,19,0.0095704121440413,0.442864754698457,500,500,9,2,1,250,1,0.0555555555555556,0,0
126,312,0.0224358974358974,0.451569002712032,0.446929487179487,0.293387287249187,297,0.506410256410256,0,0.0168342738562315,1,1,15,0.00957760351240554,0.443518238055165,500,500,9,2,1,250,1,0.0555555555555556,0,0
127,300,0.03,0.451690166666667,0.445873333333333,0.298452253481838,284,0.49,0,0.0166373442201802,1,1,15,0.00935416153754419,0.444504492628473,500,500,9,2,1,250,1,0.0555555555555556,0,0
128,295,0.0271186440677966,0.450928181557024,0.445701694915254,0.299913081059842,262,0.505084745762712,0,0.0172546998476275,1,1,32,0.00950845772101478,0.444835607451247,500,500,9,2,1,250,1,0.0555555555555556,0,0
129,286,0.027972027972028,0.450599442515526,0.446195804195804,0.302559194967511,253,0.520979020979021,1,0.0176379480291901,1,1,33,0.00948176554615312,0.44541182420838,500,500,9,2,1,250,1,0.0555555555555556,0,0
130,277,0.0252707581227437,0.450221311368583,0.446924187725632,0.305095699727331,241,0.523465703971119,1,0.0177785169588985,1,1,36,0.00940255705177697,0.445967565301332,500,500,9,2,1,250,1,0.0555555555555556,0,0
131,268,0.0298507462686567,0.450025882713299,0.44594776119403,0.309121719355172,231,0.541044776119403,0,0.0177100773403844,1,1,37,0.00927424061311237,0.446710023310539,500,500,9,2,1,250,1,0.0555555555555556,0,0
132,262,0.0305343511450382,0.449770307674378,0.445458015267176,0.311650084197923,225,0.515267175572519,0,0.018006876785314,1,1,37,0.00927176143634184,0.4471807079498,500,500,9,2,1,250,1,0.0555555555555556,0,0
133,258,0.0348837209302326,0.449888873865753,0.443713178294574,0.314539985068878,233,0.534883720930233,0,0.0179277999491133,1,1,25,0.00919283534561805,0.44764480903198,500,500,9,2,1,250,1,0.0555555555555556,0,0
134,251,0.0398406374501992,0.450021872668688,0.443649402390438,0.317374165247207,240,0.549800796812749,1,0.0177364334033981,1,1,11,0.00901550005301473,0.448163755444959,500,500,9,2,1,250,1,0.0555555555555556,0,0
135,242,0.0371900826446281,0.450294771531999,0.444520661157025,0.320462540021393,235,0.56198347107438,1,0.0177813754380794,1,1,7,0.0088885088333526,0.448751155860431,500,500,9,2,1,250,1,0.0555555555555556,0,0
136,233,0.0257510729613734,0.450402954558014,0.447072961373391,0.322431189242023,224,0.579399141630901,1,0.0178042999224343,1,1,9,0.00875062852886601,0.449191744622659,500,500,9,2,1,250,1,0.0555555555555556,0,0
137,225,0.0266666666666667,0.450363713580247,0.447457777777778,0.325530702311673,201,0.551111111111111,1,0.0179868898945152,1,1,24,0.00872787044510405,0.449749948864772,500,500,9,2,1,250,1,0.0555555555555556,0,0
138,216,0.0277777777777778,0.450412808641975,0.446537037037037,0.330042251874961,192,0.523148148148148,1,0.0179647930990011,1,1,24,0.00859410394664469,0.450495683762925,500,500,9,2,1,250,1,0.0555555555555556,0,0
139,205,0.0292682926829268,0.450873813206425,0.447239024390244,0.334659720009049,180,0.517073170731707,0,0.0180726807523382,1,1,25,0.00838785869384072,0.451278563890852,500,500,9,2,1,250,1,0.0555555555555556,0,0
140,198,0.0303030303030303,0.450968243036425,0.445686868686869,0.338823608303317,167,0.47979797979798,0,0.0180202644705955,1,1,30,0.00818700991648779,0.451919988736645,500,500,9,2,1,250,1,0.0555555555555556,0,0
141,190,0.0421052631578947,0.45175324099723,0.443115789473684,0.344331336737586,162,0.510526315789474,0,0.0177368017662885,1,1,27,0.0079093969705647,0.452727632987646,500,500,9,2,1,250,1,0.0555555555555556,0,0
142,185,0.0486486486486487,0.451853089846603,0.440735135135135,0.348056608024396,166,0.508108108108108,0,0.017763144743696,1,1,19,0.00784908173187316,0.453263139202451,500,500,9,2,1,250,1,0.0555555555555556,0,0
143,177,0.0508474576271186,0.452093395895177,0.439796610169492,0.352382716193759,173,0.508474576271186,0,0.017528078212361,1,1,3,0.00763388202057741,0.453915220802329,500,500,9,2,1,250,1,0.0555555555555556,0,0
146,147,0.0612244897959184,0.451623906705539,0.437891156462585,0.367793047780016,135,0.530612244897959,0,0.0172261959252452,1,1,12,0.00697908747057647,0.456188008216468,500,500,9,2,1,250,1,0.0555555555555556,0,0
147,139,0.0647482014388489,0.451786708762486,0.435525179856115,0.373037155696222,124,0.532374100719424,1,0.016795209347614,1,1,15,0.00671316841557215,0.456897400056166,500,500,9,2,1,250,1,0.0555555555555556,0,0
148,132,0.0757575757575758,0.451233758034894,0.433409090909091,0.377446867528714,114,0.545454545454545,0,0.0172033244644243,1,1,17,0.00669300165061037,0.457490986775004,500,500,9,2,1,250,1,0.0555555555555556,0,0
149,125,0.072,0.450922944,0.436784,0.379578924967403,102,0.512,1,0.0178650549282545,1,1,23,0.00666741445930132,0.457822928181941,500,500,9,2,1,250,1,0.0555555555555556,0,0
150,125,0.08,0.451161216,0.436096,0.379937447224097,99,0.496,0,0.0177959958307655,1,1,26,0.00663135235765495,0.457861577282496,500,500,9,2,1,250,1,0.0555555555555556,0,0
151,128,0.0703125,0.450489135742188,0.43915625,0.376814851954945,101,0.53125,1,0.0183661106977272,1,1,27,0.00677103233977545,0.457478543365319,500,500,9,2,1,250,1,0.0555555555555556,0,0
152,132,0.053030303030303,0.448844524793388,0.438742424242424,0.374386950104725,102,0.522727272727273,0,0.0201200897653919,1,1,30,0.0072665966703606,0.457160234929019,500,500,9,2,1,250,1,0.0555555555555556,0,0
153,135,0.0444444444444444,0.448072482853224,0.441555555555556,0.371278160750785,102,0.488888888888889,0,0.0209970432526033,1,1,33,0.00757874567026866,0.456774297603806,500,500,9,2,1,250,1,0.0555555555555556,0,0
154,134,0.0447761194029851,0.448308754733794,0.444238805970149,0.370669282104467,101,0.477611940298507,0,0.0207778710365258,1,1,32,0.00748001286814614,0.456719818885562,500,500,9,2,1,250,1,0.0555555555555556,0,0
155,131,0.0305343511450382,0.444053202027854,0.446946564885496,0.369919415062719,101,0.480916030534351,1,0.0239579032444084,1,1,30,0.00811452538235465,0.456698781369823,500,500,9,2,1,250,1,0.0555555555555556,0,0
156,131,0.0152671755725191,0.444357263562729,0.449358778625954,0.36892788827356,101,0.442748091603053,1,0.0242896544421879,1,1,30,0.00817548427858031,0.456587493132611,500,500,9,2,1,250,1,0.0555555555555556,0,0
157,130,0.0230769230769231,0.443870295857988,0.444892307692308,0.37135106389293,101,0.476923076923077,1,0.0249136274220174,1,1,29,0.00828981313043702,0.456872666360985,500,500,9,2,1,250,1,0.0555555555555556,0,0
158,132,0.0303030303030303,0.442799988521579,0.440651515151515,0.371824571922911,100,0.553030303030303,0,0.0258814018357132,1,1,30,0.00859043325285204,0.456901164285704,500,500,9,2,1,250,1,0.0555555555555556,0,0
159,130,0.0384615384615385,0.443534142011834,0.440323076923077,0.373285823884706,102,0.530769230769231,0,0.024938562052754,1,1,28,0.00830201664465953,0.457088313885131,500,500,9,2,1,250,1,0.0555555555555556,0,0
160,132,0.0303030303030303,0.441232610192837,0.441075757575758,0.371189706598529,101,0.522727272727273,1,0.0263636907939556,1,1,31,0.00875262084525922,0.456837493509506,500,500,9,2,1,250,1,0.0555555555555556,0,0
161,133,0.037593984962406,0.442568036632936,0.441924812030075,0.370629631485378,102,0.526315789473684,0,0.0257113414500081,1,1,31,0.00860148121679855,0.456755154450326,500,500,9,2,1,250,1,0.0555555555555556,0,0
162,134,0.0298507462686567,0.442038817108487,0.443507462686567,0.369202039876911,102,0.507462686567164,0,0.0258332173915061,1,1,32,0.00860194566913608,0.45658428195958,500,500,9,2,1,250,1,0.0555555555555556,0,0
163,130,0.0230769230769231,0.441635621301775,0.442769230769231,0.371668884536882,101,0.515384615384615,1,0.0266509970376375,1,1,29,0.00862557936429637,0.456917352322008,500,500,9,2,1,250,1,0.0555555555555556,0,0
164,131,0.0305343511450382,0.441151972495775,0.440045801526718,0.372186321149241,101,0.473282442748092,1,0.0269480086313527,1,1,30,0.00872110096335709,0.45696250860086,500,500,9,2,1,250,1,0.0555555555555556,0,0
165,133,0.0300751879699248,0.439125219062694,0.441142857142857,0.370000009032218,101,0.503759398496241,1,0.0291042945020308,1,1,32,0.00933261651634556,0.456700395215894,500,500,9,2,1,250,1,0.0555555555555556,0,0
166,129,0.0310077519379845,0.43811633916231,0.44046511627907,0.372274631023877,101,0.550387596899225,1,0.0295221256806923,1,1,28,0.00931184081110256,0.457013261946166,500,500,9,2,1,250,1,0.0555555555555556,0,0
167,132,0.0454545454545455,0.439966310835629,0.436045454545455,0.373095111762881,102,0.522727272727273,0,0.0281878873938337,1,1,30,0.00906132420091008,0.457054210491297,500,500,9,2,1,250,1,0.0555555555555556,0,0
168,131,0.0381679389312977,0.441329409708059,0.438748091603053,0.372816570939243,101,0.49618320610687,1,0.0278569836174054,1,1,30,0.00886426820145301,0.457031566774881,500,500,9,2,1,250,1,0.0555555555555556,0,0
169,132,0.0378787878787879,0.439401342975207,0.438136363636364,0.37199369470334,101,0.515151515151515,1,0.0303355559972597,1,1,31,0.00940051095840286,0.456934536209164,500,500,9,2,1,250,1,0.0555555555555556,0,0
170,131,0.0305343511450382,0.436209078725016,0.436274809160305,0.372482600086851,102,0.50381679389313,0,0.0322740797279593,1,1,29,0.00981164775817606,0.457016307065685,500,500,9,2,1,250,1,0.0555555555555556,0,0
171,131,0.0305343511450382,0.435501544199056,0.432274809160305,0.374076540590054,101,0.480916030534351,1,0.0322370566898057,1,1,30,0.00979554745232248,0.457195464460381,500,500,9,2,1,250,1,0.0555555555555556,0,0
172,133,0.0225563909774436,0.435291989371926,0.434375939849624,0.371972993683607,102,0.458646616541353,0,0.0333250320625174,1,1,31,0.0101993084028985,0.456935932602118,500,500,9,2,1,250,1,0.0555555555555556,0,0
173,134,0.0223880597014925,0.434865783025173,0.432955223880597,0.371950469298119,101,0.395522388059701,0,0.0336571741360075,1,1,32,0.0102609000523673,0.456921322744557,500,500,9,2,1,250,1,0.0555555555555556,0,0
174,134,0.0373134328358209,0.436245544664736,0.432820895522388,0.372408165060317,102,0.425373134328358,0,0.0324206919698972,1,1,32,0.00998130429672558,0.456966101327985,500,500,9,2,1,250,1,0.0555555555555556,0,0
175,133,0.0300751879699248,0.436403527616033,0.434706766917293,0.372140290936679,101,0.481203007518797,1,0.0326281195580972,1,1,32,0.00997144841021067,0.456949663394217,500,500,9,2,1,250,1,0.0555555555555556,0,0
176,130,0.0230769230769231,0.434200532544379,0.437123076923077,0.372098813389412,101,0.515384615384615,1,0.0354572929926271,1,1,29,0.0104805372228594,0.456996375948834,500,500,9,2,1,250,1,0.0555555555555556,0,0
177,132,0.0227272727272727,0.433668388429752,0.434878787878788,0.371835408616036,101,0.484848484848485,1,0.0360818907512835,1,1,31,0.0107356804582131,0.456941675340962,500,500,9,2,1,250,1,0.0555555555555556,0,0
178,130,0.0307692307692308,0.43439,0.4358,0.372741827415003,101,0.492307692307692,1,0.0347913437889704,1,1,29,0.0103622423058252,0.457066510531799,500,500,9,2,1,250,1,0.0555555555555556,0,0
179,131,0.0229007633587786,0.432995687896976,0.433725190839695,0.372719944539259,101,0.511450381679389,1,0.0361582082913462,1,1,30,0.0106951996170484,0.457056156461119,500,500,9,2,1,250,1,0.0555555555555556,0,0
180,133,0.0225563909774436,0.434297133811974,0.436541353383459,0.370705331577075,102,0.556390977443609,0,0.0358169322678891,1,1,31,0.0106638594167048,0.456799844492726,500,500,9,2,1,250,1,0.0555555555555556,0,0
181,130,0.0153846153846154,0.432861479289941,0.437215384615385,0.371681710853153,101,0.584615384615385,1,0.0363508640858409,1,1,29,0.0106346999457469,0.456956057740222,500,500,9,2,1,250,1,0.0555555555555556,0,0
182,133,0.0225563909774436,0.43257295494375,0.437127819548872,0.369944636347516,102,0.556390977443609,0,0.0366663645645153,1,1,31,0.0108863364642498,0.456723220950809,500,500,9,2,1,250,1,0.0555555555555556,0,0
183,134,0.0298507462686567,0.433280407663177,0.433208955223881,0.371378428431509,101,0.529850746268657,0,0.0365431852509942,1,1,32,0.0108513100596628,0.456864828053196,500,500,9,2,1,250,1,0.0555555555555556,0,0
184,131,0.0229007633587786,0.432100751704446,0.431221374045802,0.37359164080249,101,0.534351145038168,1,0.0376345231108431,1,1,30,0.0109721744791862,0.457156152236369,500,500,9,2,1,250,1,0.0555555555555556,0,0
185,134,0.0373134328358209,0.433569113388282,0.42989552238806,0.372975758706343,102,0.559701492537313,0,0.0352840512292585,1,1,32,0.010440760307781,0.457040650504663,500,500,9,2,1,250,1,0.0555555555555556,0,0
186,132,0.0227272727272727,0.432930555555556,0.432272727272727,0.372802620823299,101,0.575757575757576,1,0.0363514077725332,1,1,31,0.0106260550994389,0.457051774597081,500,500,9,2,1,250,1,0.0555555555555556,0,0
187,131,0.0152671755725191,0.430970339723792,0.429740458015267,0.373938152884187,101,0.557251908396947,1,0.0388540506605774,1,1,30,0.0111007305996816,0.457199123958434,500,500,9,2,1,250,1,0.0555555555555556,0,0
188,131,0.0229007633587786,0.42986428529806,0.431099236641221,0.373015447284809,102,0.549618320610687,0,0.0399140369443989,1,1,29,0.0113208013381685,0.457102009111584,500,500,9,2,1,250,1,0.0555555555555556,0,0
189,134,0.0223880597014925,0.429645633771441,0.429477611940298,0.372038364899564,101,0.485074626865672,1,0.0392770526148739,1,1,33,0.0113193585545483,0.456953833797577,500,500,9,2,1,250,1,0.0555555555555556,0,0
190,134,0.0223880597014925,0.428784695923368,0.430626865671642,0.371263866217432,102,0.552238805970149,0,0.0411864751015132,1,1,32,0.011749975978824,0.456871890575774,500,500,9,2,1,250,1,0.0555555555555556,0,0
191,133,0.0225563909774436,0.429397365594437,0.428842105263158,0.372803039893388,101,0.496240601503759,1,0.0403957863438469,1,1,32,0.011410688294316,0.457053216825651,500,500,9,2,1,250,1,0.0555555555555556,0,0
192,134,0.0373134328358209,0.43117197594119,0.424955223880597,0.374546772369011,102,0.462686567164179,0,0.0384189060765726,1,1,32,0.0110312775477593,0.457225004268562,500,500,9,2,1,250,1,0.0555555555555556,0,0
193,135,0.0148148148148148,0.428434348422497,0.427585185185185,0.372013951967508,101,0.488888888888889,1,0.0404955086902227,1,1,34,0.0115629936921922,0.456942668936357,500,500,9,2,1,250,1,0.0555555555555556,0,0
194,130,0.0230769230769231,0.428056213017751,0.426369230769231,0.375178077560965,101,0.453846153846154,0,0.0405376710768448,1,1,28,0.011229243816291,0.457361237200055,500,500,9,2,1,250,1,0.0555555555555556,0,0
195,132,0.0227272727272727,0.428096189164371,0.426272727272727,0.374142976174559,101,0.46969696969697,0,0.0410625053861374,1,1,30,0.01138692509676,0.45722027639406,500,500,9,2,1,250,1,0.0555555555555556,0,0
196,132,0.0151515151515152,0.428754361799816,0.426515151515152,0.374220078069549,100,0.439393939393939,1,0.0409837419185673,1,1,31,0.0114158626048156,0.457226017023216,500,500,9,2,1,250,1,0.0555555555555556,0,0
197,132,0.0303030303030303,0.429301078971534,0.425393939393939,0.374882393457547,102,0.477272727272727,0,0.039751856713422,1,1,30,0.0110732641666464,0.45729682943713,500,500,9,2,1,250,1,0.0555555555555556,0,0
198,131,0.0305343511450382,0.427156809043762,0.420671755725191,0.376942635555397,101,0.458015267175573,1,0.0425574654368265,1,1,30,0.0116438931147428,0.457546015575509,500,500,9,2,1,250,1,0.0555555555555556,0,0
199,130,0.0461538461538462,0.428502958579882,0.418830769230769,0.378672758504245,102,0.446153846153846,0,0.0419285943057472,1,1,28,0.0115135339808962,0.457744038142582,500,500,9,2,1,250,1,0.0555555555555556,0,0
200,131,0.0305343511450382,0.425857991958511,0.418274809160305,0.377656790559962,101,0.488549618320611,1,0.0451146405618418,1,1,30,0.0123566631544339,0.4576299008285,500,500,9,2,1,250,1,0.0555555555555556,0,0
201,142,0.0422535211267606,0.426828059908748,0.417450704225352,0.372641193688453,123,0.492957746478873,0,0.0446934108563452,1,1,18,0.0128188638383108,0.456924037031279,500,500,9,2,1,250,1,0.0555555555555556,0,0
202,148,0.0405405405405405,0.426432432432432,0.416108108108108,0.370171851955564,132,0.493243243243243,0,0.0455905534168382,1,1,16,0.0133395844949746,0.456566632930011,500,500,9,2,1,250,1,0.0555555555555556,0,0
203,156,0.0448717948717949,0.426800172583826,0.414576923076923,0.367170448822179,141,0.512820512820513,0,0.0454974931116216,1,1,15,0.0137114885976244,0.456112489319749,500,500,9,2,1,250,1,0.0555555555555556,0,0
204,164,0.0304878048780488,0.426590868530637,0.419609756097561,0.360603581705726,148,0.5,1,0.0461236679098116,1,1,16,0.014254752790527,0.455245358144823,500,500,9,2,1,250,1,0.0555555555555556,0,0
205,170,0.0352941176470588,0.426949446366782,0.419941176470588,0.357682983939912,153,0.523529411764706,0,0.0460233863183121,1,1,17,0.0144699867429024,0.454814227460591,500,500,9,2,1,250,1,0.0555555555555556,0,0
206,177,0.0338983050847458,0.426774936959367,0.418802259887006,0.354983708916044,155,0.542372881355932,1,0.0463458510662966,1,1,22,0.0149360896483684,0.454391451866924,500,500,9,2,1,250,1,0.0555555555555556,0,0
207,185,0.0216216216216216,0.426656917457999,0.423189189189189,0.34869702205037,160,0.551351351351351,1,0.0466787968641474,1,1,25,0.0154601245048497,0.453524434123626,500,500,9,2,1,250,1,0.0555555555555556,0,0
208,192,0.0208333333333333,0.426073052300347,0.42321875,0.345237725823862,162,0.557291666666667,1,0.0475161752881661,1,1,30,0.0160213496310243,0.453000833679574,500,500,9,2,1,250,1,0.0555555555555556,0,0
209,196,0.0204081632653061,0.42708105997501,0.424387755102041,0.343115263481398,163,0.545918367346939,0,0.0467589823114814,1,1,33,0.0159406135899112,0.4526706706324,500,500,9,2,1,250,1,0.0555555555555556,0,0
210,206,0.0145631067961165,0.426854910924687,0.42521359223301,0.338039391384431,177,0.543689320388349,1,0.0474021978294537,1,1,29,0.0165882944166087,0.451884753994869,500,500,9,2,1,250,1,0.0555555555555556,0,0
211,219,0.0228310502283105,0.427754091866308,0.423689497716895,0.333809593389252,192,0.529680365296804,0,0.0466490573177514,1,1,27,0.0169100130448697,0.451121963329615,500,500,9,2,1,250,1,0.0555555555555556,0,0
212,229,0.0262008733624454,0.427735111839973,0.423799126637555,0.329558942666916,205,0.519650655021834,0,0.0468706253322197,1,1,24,0.0173827025081969,0.45040804960575,500,500,9,2,1,250,1,0.0555555555555556,0,0
213,236,0.0211864406779661,0.426395737575409,0.423652542372881,0.326171599247331,212,0.51271186440678,1,0.0482588840211858,1,1,24,0.018164775575923,0.44986465560868,500,500,9,2,1,250,1,0.0555555555555556,0,0
214,244,0.0204918032786885,0.426733673743617,0.423836065573771,0.322987357473742,219,0.5,1,0.0479351158265111,1,1,25,0.0183840212043063,0.449302716858894,500,500,9,2,1,250,1,0.0555555555555556,0,0
215,252,0.0277777777777778,0.428022581254724,0.424349206349206,0.320104106405305,223,0.484126984126984,0,0.0466382290778404,1,1,28,0.018206741232196,0.44876047103346,500,500,9,2,1,250,1,0.0555555555555556,0,0
216,256,0.03125,0.428224395751953,0.42334375,0.319405218360903,228,0.48828125,1,0.0462017345620088,1,1,28,0.0181615570584418,0.44858698728637,500,500,9,2,1,250,1,0.0555555555555556,0,0
217,264,0.0303030303030303,0.428750057392103,0.424393939393939,0.315850178274335,225,0.515151515151515,0,0.0458182830172626,1,1,38,0.0182826832599134,0.447957895862566,500,500,9,2,1,250,1,0.0555555555555556,0,0
218,268,0.0261194029850746,0.429053617175317,0.425126865671642,0.313950297823445,230,0.492537313432836,1,0.0455784751267342,1,1,38,0.0183290237578828,0.447623901615615,500,500,9,2,1,250,1,0.0555555555555556,0,0
219,278,0.0287769784172662,0.429882394803582,0.425848920863309,0.310141579966931,240,0.5,1,0.044690541469065,1,1,38,0.0183217899171155,0.446901574825072,500,500,9,2,1,250,1,0.0555555555555556,0,0
220,286,0.0244755244755245,0.429308254682381,0.427286713286713,0.305784221773177,249,0.517482517482518,1,0.0451536923473748,1,1,36,0.0187482246394778,0.446160927505918,500,500,9,2,1,250,1,0.0555555555555556,0,0
221,296,0.0304054054054054,0.430172571219869,0.426148648648649,0.303637138435786,264,0.510135135135135,0,0.044004084661116,1,1,32,0.0186388233454083,0.445638954326497,500,500,9,2,1,250,1,0.0555555555555556,0,0
222,306,0.0261437908496732,0.430599427570592,0.426470588235294,0.300165055378392,271,0.506535947712418,1,0.0436084682909887,1,1,35,0.0187731544357559,0.444938954141945,500,500,9,2,1,250,1,0.0555555555555556,0,0
223,314,0.0254777070063694,0.430398079029575,0.426375796178344,0.297421234128584,281,0.515923566878981,1,0.0437540704408386,1,1,33,0.0190242468669469,0.444385987111128,500,500,9,2,1,250,1,0.0555555555555556,0,0
224,321,0.0155763239875389,0.429722974350016,0.428180685358255,0.293131641965689,283,0.514018691588785,1,0.0446289489046053,1,1,38,0.0195829858668515,0.443648072607176,500,500,9,2,1,250,1,0.0555555555555556,0,0
225,329,0.0182370820668693,0.429530510619821,0.427294832826748,0.291141554544672,294,0.507598784194529,0,0.0449919305455434,1,1,35,0.0199618924888204,0.443187414176969,500,500,9,2,1,250,1,0.0555555555555556,0,0
226,335,0.017910447761194,0.429825359768323,0.427098507462687,0.289555470785324,290,0.46865671641791,0,0.0446850338023837,1,1,44,0.0199951552065233,0.442818270520961,500,500,9,2,1,250,1,0.0555555555555556,0,0
227,343,0.0174927113702624,0.429298243078989,0.427434402332362,0.286369607753758,297,0.481049562682216,1,0.0451002976359896,1,1,46,0.0203829673523797,0.442190274962469,500,500,9,2,1,250,1,0.0555555555555556,0,0
228,353,0.0169971671388102,0.429027798955132,0.426543909348442,0.283873017979475,305,0.470254957507082,0,0.0452181489460618,1,1,48,0.0206924465979906,0.441599115840407,500,500,9,2,1,250,1,0.0555555555555556,0,0
229,364,0.0137362637362637,0.430039155899046,0.427428571428571,0.280372636992686,316,0.458791208791209,0,0.0443099125723648,1,1,48,0.0205439725155143,0.440806920679612,500,500,9,2,1,250,1,0.0555555555555556,0,0
230,372,0.0188172043010753,0.430401795005203,0.42658064516129,0.279028224664768,334,0.46505376344086,0,0.0440165329831848,1,1,38,0.0205614868276962,0.440404709621596,500,500,9,2,1,250,1,0.0555555555555556,0,0
231,379,0.0158311345646438,0.430260266915435,0.426844327176781,0.276634989276247,336,0.472295514511873,1,0.0442210439177655,1,1,43,0.0207726584205616,0.439884621015251,500,500,9,2,1,250,1,0.0555555555555556,0,0
232,390,0.0153846153846154,0.431096502301118,0.428225641025641,0.272729737922831,346,0.461538461538462,1,0.0437273916532901,1,1,44,0.0208182122393976,0.43901327996916,500,500,9,2,1,250,1,0.0555555555555556,0,0
233,398,0.0150753768844221,0.431160021211586,0.427527638190955,0.271201107819335,352,0.462311557788945,0,0.0435697690578179,1,1,46,0.0209126427887575,0.438578535346024,500,500,9,2,1,250,1,0.0555555555555556,0,0
234,410,0.0195121951219512,0.432436740035693,0.426965853658537,0.26938822138302,365,0.458536585365854,0,0.0426114448423467,1,1,45,0.0207156151995973,0.437962994902062,500,500,9,2,1,250,1,0.0555555555555556,0,0
235,415,0.0144578313253012,0.432532861082886,0.428693975903614,0.266389099891257,364,0.479518072289157,1,0.0422804715273781,1,1,51,0.0207034718721768,0.437379385610221,500,500,9,2,1,250,1,0.0555555555555556,0,0
236,424,0.0141509433962264,0.432922536934852,0.429,0.263973744387414,368,0.47877358490566,0,0.0422112692345299,1,1,55,0.0208613600020833,0.436763953474598,500,500,9,2,1,250,1,0.0555555555555556,0,0
237,432,0.0162037037037037,0.433348208161866,0.428990740740741,0.262212847428035,377,0.481481481481481,1,0.0419162574794267,1,1,55,0.0208891118060447,0.436268714777682,500,500,9,2,1,250,1,0.0555555555555556,0,0
238,443,0.0158013544018059,0.4327549184964,0.428966139954853,0.258966070807166,384,0.480812641083521,0,0.0425250470891663,1,1,59,0.0214004271466093,0.435488021881791,500,500,9,2,1,250,1,0.0555555555555556,0,0
239,454,0.013215859030837,0.433080047157911,0.429625550660793,0.25576624450839,404,0.482378854625551,1,0.0422496866798149,1,1,50,0.021521081461414,0.434680541341067,500,500,9,2,1,250,1,0.0555555555555556,0,0
240,463,0.0129589632829374,0.432971245842449,0.43029373650108,0.25275138153684,410,0.49244060475162,1,0.042460665007177,1,1,52,0.0217957936681231,0.433962572689365,500,500,9,2,1,250,1,0.0555555555555556,0,0
241,472,0.0148305084745763,0.432722354388107,0.429292372881356,0.251439530708253,420,0.491525423728814,1,0.0426363118522521,1,1,52,0.022032077581293,0.433510795730633,500,500,9,2,1,250,1,0.0555555555555556,0,0
242,481,0.0124740124740125,0.432821132342962,0.430602910602911,0.247957320001672,425,0.494802494802495,0,0.0427212494097308,1,1,56,0.0222000545865025,0.432701835986463,500,500,9,2,1,250,1,0.0555555555555556,0,0
243,491,0.0162932790224033,0.432932504013174,0.43020366598778,0.246138603103696,438,0.507128309572301,0,0.0423376807291181,1,1,53,0.0222330895834192,0.432121807844139,500,500,9,2,1,250,1,0.0555555555555556,0,0
244,493,0.0141987829614604,0.432877325148427,0.430827586206897,0.24494365279916,439,0.498985801217039,1,0.0428509293244547,1,1,54,0.0224906022210609,0.431874758934495,500,500,9,2,1,250,1,0.0555555555555556,0,0
245,493,0.0141987829614604,0.433396858246691,0.431168356997972,0.245000789403266,438,0.501014198782961,1,0.042246489964874,1,1,55,0.0221889993310658,0.431866747805673,500,500,9,2,1,250,1,0.0555555555555556,0,0
246,492,0.0121951219512195,0.433460485656686,0.431727642276423,0.244671670692123,437,0.48780487804878,1,0.0421644781344439,1,1,55,0.0221680188369012,0.431840880012375,500,500,9,2,1,250,1,0.0555555555555556,0,0
247,492,0.0142276422764228,0.43426780520854,0.432317073170732,0.244694837976226,434,0.485772357723577,0,0.0414749299716471,1,1,58,0.0218195637804827,0.43181793804175,500,500,9,2,1,250,1,0.0555555555555556,0,0
248,496,0.0141129032258065,0.433909656282518,0.432645161290323,0.243108071602052,441,0.475806451612903,0,0.0419850727913131,1,1,54,0.0220959749046117,0.43145888899964,500,500,9,2,1,250,1,0.0555555555555556,0,0
249,493,0.0101419878296146,0.433717122884686,0.433188640973631,0.243047581948811,442,0.470588235294118,1,0.0421883013586693,1,1,51,0.0221210565358365,0.431543141157407,500,500,9,2,1,250,1,0.0555555555555556,0,0
250,493,0.0121703853955375,0.434246851457936,0.433075050709939,0.243613024351396,441,0.468559837728195,1,0.0416499071754349,1,1,51,0.0218289542820404,0.431616159953665,500,500,9,2,1,250,1,0.0555555555555556,0,0
0,500,0,0.468621892,0.256572,0.458229302343964,123,0.522,0,0.00282085260959317,2,1,0,NA,NA,500,500,9,2,1,250,1,0.0555555555555556,0,0
1,500,0.002,0.468498904,0.269864,0.439049442919985,294,0.536,1,-0.00135840486499353,2,1,31,0.00263458423296125,0.455446288151461,500,500,9,2,1,250,1,0.0555555555555556,0,0
2,500,0.006,0.468420744,0.281584,0.426506013083888,470,0.524,0,-0.00124109695453964,2,1,30,0.00268564581399765,0.4533577674226,500,500,9,2,1,250,1,0.0555555555555556,0,0
3,496,0.00403225806451613,0.468269779201353,0.293701612903226,0.413653811969548,463,0.520161290322581,1,-0.0011626605283294,2,1,33,0.00269158000058561,0.451243672553333,500,500,9,2,1,250,1,0.0555555555555556,0,0
4,497,0.00603621730382294,0.468147723362307,0.307360160965795,0.399011919297773,461,0.525150905432596,1,-0.00104391416297483,2,1,36,0.00272590685036938,0.448806851533051,500,500,9,2,1,250,1,0.0555555555555556,0,0
5,499,0.00601202404809619,0.46823722796294,0.319935871743487,0.3855589401462,462,0.531062124248497,0,-0.00097984420870665,2,1,37,0.00276963671568578,0.446551680119644,500,500,9,2,1,250,1,0.0555555555555556,0,0
6,498,0.00803212851405622,0.468001346752472,0.332289156626506,0.372320590762826,459,0.530120481927711,1,-0.00084116296458718,2,1,39,0.00284870747780807,0.444364641957242,500,500,9,2,1,250,1,0.0555555555555556,0,0
7,498,0.00803212851405622,0.46803914856212,0.344518072289157,0.359325755120935,465,0.530120481927711,0,-0.000772831220201403,2,1,33,0.00288768852758959,0.442204844754722,500,500,9,2,1,250,1,0.0555555555555556,0,0
8,494,0.0101214574898785,0.467939705617204,0.363943319838057,0.339040330429139,450,0.544534412955466,0,-0.0006256039721642,2,1,44,0.00293871078044167,0.438902359531925,500,500,9,2,1,250,1,0.0555555555555556,0,0
9,472,0.0127118644067797,0.467334530307383,0.407372881355932,0.296233155170744,383,0.525423728813559,0,-0.000232528771246334,2,1,89,0.00312727934766475,0.43232622538894,500,500,9,2,1,250,1,0.0555555555555556,0,0
10,438,0.0136986301369863,0.466422343153812,0.464593607305936,0.244562659002032,323,0.511415525114155,1,0.000625051338978276,2,1,115,0.00351595876853251,0.424982913732096,500,500,9,2,1,250,1,0.0555555555555556,0,0
11,485,0.0103092783505155,0.465869928791583,0.464668041237113,0.232587888826181,413,0.51340206185567,1,0.000900749746434113,2,1,71,0.00372854882363456,0.42162760332302,500,500,9,2,1,250,1,0.0555555555555556,0,0
12,496,0.0100806451612903,0.465948865114464,0.464862903225806,0.229913531818649,460,0.520161290322581,1,0.0009883244587959,2,1,36,0.00379158037601408,0.420837857225551,500,500,9,2,1,250,1,0.0555555555555556,0,0
13,497,0.00804828973843058,0.466043257533126,0.465356136820926,0.229237762262158,466,0.515090543259557,1,0.00113703881055242,2,1,31,0.00386079957863444,0.420691072248152,500,500,9,2,1,250,1,0.0555555555555556,0,0
14,497,0.0120724346076459,0.465884267374873,0.463810865191147,0.230754745474229,464,0.509054325955734,0,0.00127014621150258,2,1,33,0.00389022362814481,0.420947784827758,500,500,9,2,1,250,1,0.0555555555555556,0,0
15,495,0.0121212121212121,0.465836779920416,0.463454545454545,0.231548398483932,457,0.511111111111111,1,0.00140792287149227,2,1,37,0.00394635245836775,0.421143651188427,500,500,9,2,1,250,1,0.0555555555555556,0,0
16,496,0.0120967741935484,0.465612200019511,0.462818548387097,0.231815367041533,462,0.516129032258065,1,0.00158189973633512,2,1,34,0.00402227707591619,0.42116396951028,500,500,9,2,1,250,1,0.0555555555555556,0,0
17,496,0.0141129032258065,0.465269384918054,0.462584677419355,0.231783600476094,453,0.514112903225806,0,0.00176752759560939,2,1,43,0.00407573815572355,0.421170206566355,500,500,9,2,1,250,1,0.0555555555555556,0,0
18,483,0.0144927536231884,0.464919726176545,0.462451345755694,0.234618734645785,407,0.525879917184265,0,0.00218466320636276,2,1,76,0.00426669839206682,0.422053633514728,500,500,9,2,1,250,1,0.0555555555555556,0,0
19,467,0.019271948608137,0.465025058577003,0.460907922912206,0.240074318894496,369,0.522483940042827,0,0.00238656889313258,2,1,97,0.00425669885081831,0.423428905741698,500,500,9,2,1,250,1,0.0555555555555556,0,0
20,477,0.0188679245283019,0.465058032162933,0.461647798742138,0.236971084348336,396,0.515723270440252,1,0.002702902705291,2,1,81,0.00437499385782517,0.422618608628872,500,500,9,2,1,250,1,0.0555555555555556,0,0
21,492,0.016260162601626,0.464835692213629,0.461410569105691,0.23358439089333,440,0.495934959349593,1,0.00295308306052769,2,1,52,0.00449246063397942,0.421606863947305,500,500,9,2,1,250,1,0.0555555555555556,0,0
22,495,0.0161616161616162,0.464718951127436,0.46149898989899,0.232715665388718,461,0.490909090909091,0,0.00301564652696763,2,1,34,0.00453053528012619,0.421373964011262,500,500,9,2,1,250,1,0.0555555555555556,0,0
23,498,0.0120481927710843,0.464515721520621,0.461401606425703,0.231977145701826,460,0.506024096385542,1,0.00322862120846593,2,1,38,0.00461717704883062,0.421164979482467,500,500,9,2,1,250,1,0.0555555555555556,0,0
24,497,0.0120724346076459,0.464562967341271,0.460885311871227,0.232792116974012,461,0.496981891348089,0,0.0032979386638257,2,1,36,0.0046282254900157,0.421329493951538,500,500,9,2,1,250,1,0.0555555555555556,0,0
25,498,0.0120481927710843,0.464494830728537,0.461204819277108,0.232170342507193,463,0.493975903614458,1,0.00338975960489919,2,1,35,0.00468571411380012,0.421197675417588,500,500,9,2,1,250,1,0.0555555555555556,0,0
26,497,0.0140845070422535,0.464427194960507,0.460631790744467,0.232951493449337,456,0.496981891348089,0,0.00354824505464683,2,1,41,0.00479042028929594,0.421360404500156,500,500,9,2,1,250,1,0.0555555555555556,0,0
27,487,0.0184804928131417,0.464283190467557,0.459975359342916,0.235794921187349,423,0.482546201232033,0,0.00387572781885729,2,1,64,0.00488281544281198,0.422143227866602,500,500,9,2,1,250,1,0.0555555555555556,0,0
28,475,0.0168421052631579,0.464076618282548,0.460172631578947,0.238197860751126,389,0.488421052631579,0,0.00412334043330347,2,1,86,0.00496779448635972,0.422910421673319,500,500,9,2,1,250,1,0.0555555555555556,0,0
29,480,0.01875,0.463779223090278,0.4602875,0.236672690329667,395,0.483333333333333,1,0.0045500497299511,2,1,85,0.00513371098203861,0.422518409649421,500,500,9,2,1,250,1,0.0555555555555556,0,0
30,490,0.0163265306122449,0.463827405247813,0.461983673469388,0.23261073431512,427,0.506122448979592,0,0.00465350740657697,2,1,63,0.00515580174806203,0.421542223438992,500,500,9,2,1,250,1,0.0555555555555556,0,0
31,498,0.0160642570281124,0.46358028096321,0.46166265060241,0.230928077811939,456,0.504016064257028,1,0.00478083541677378,2,1,42,0.00525423253351726,0.421022853303899,500,500,9,2,1,250,1,0.0555555555555556,0,0
32,496,0.0120967741935484,0.463626707206035,0.463564516129032,0.229388056374609,457,0.495967741935484,1,0.00493310129037234,2,1,38,0.0053938795734069,0.420829566696348,500,500,9,2,1,250,1,0.0555555555555556,0,0
33,496,0.0141129032258065,0.463595363716181,0.463471774193548,0.229461269123709,461,0.5,0,0.00491110616583896,2,1,35,0.00534140659976777,0.420842723471214,500,500,9,2,1,250,1,0.0555555555555556,0,0
34,498,0.0180722891566265,0.463583430105966,0.462654618473896,0.22986919753327,463,0.508032128514056,0,0.00501768544443094,2,1,35,0.00535795745645187,0.420847538890909,500,500,9,2,1,250,1,0.0555555555555556,0,0
35,496,0.0161290322580645,0.463515503056712,0.463258064516129,0.229623706542806,456,0.502016129032258,1,0.00516050250587202,2,1,40,0.00541688061531745,0.420872261584053,500,500,9,2,1,250,1,0.0555555555555556,0,0
36,490,0.0142857142857143,0.463275102040816,0.464538775510204,0.22944748688649,431,0.497959183673469,1,0.00524118405682335,2,1,59,0.00543707281013565,0.421040718914672,500,500,9,2,1,250,1,0.0555555555555556,0,0
37,482,0.0145228215767635,0.462904250099,0.46495020746888,0.230593120916896,404,0.49792531120332,0,0.0053958211228311,2,1,78,0.00546357590858662,0.421493055094528,500,500,9,2,1,250,1,0.0555555555555556,0,0
38,478,0.0146443514644351,0.463033262722992,0.464192468619247,0.232446499086151,397,0.50418410041841,1,0.00536937959199894,2,1,81,0.00542707038649437,0.421916346567395,500,500,9,2,1,250,1,0.0555555555555556,0,0
39,483,0.0124223602484472,0.462769967722439,0.463995859213251,0.231252868581491,414,0.507246376811594,1,0.00565619334673415,2,1,69,0.00566667770161333,0.421573709671162,500,500,9,2,1,250,1,0.0555555555555556,0,0
40,491,0.0162932790224033,0.462844604095719,0.463095723014257,0.230395764498586,443,0.492871690427699,0,0.00574487326925459,2,1,48,0.00570492299383161,0.421179485257832,500,500,9,2,1,250,1,0.0555555555555556,0,0
41,494,0.0161943319838057,0.462612348178138,0.462684210526316,0.229951329707882,453,0.495951417004049,0,0.00586898125794006,2,1,41,0.00574002261496422,0.421019812114215,500,500,9,2,1,250,1,0.0555555555555556,0,0
42,496,0.0141129032258065,0.462426943776015,0.462173387096774,0.229885709452736,458,0.502016129032258,0,0.00610233959503899,2,1,38,0.0058733401314681,0.420952373295222,500,500,9,2,1,250,1,0.0555555555555556,0,0
43,499,0.0140280561122244,0.462470805338131,0.461663326653307,0.229785194241923,461,0.486973947895792,1,0.00615432658228221,2,1,38,0.00590365742041542,0.420840009984438,500,500,9,2,1,250,1,0.0555555555555556,0,0
44,497,0.0160965794768612,0.462283710310151,0.46072032193159,0.231094522706803,460,0.490945674044266,0,0.00635646624440865,2,1,37,0.00596730027148864,0.421125423222023,500,500,9,2,1,250,1,0.0555555555555556,0,0
45,492,0.0121951219512195,0.461641859177738,0.459955284552846,0.232523385621059,436,0.495934959349593,0,0.00687709942334756,2,1,56,0.00616846321877175,0.421538085302593,500,500,9,2,1,250,1,0.0555555555555556,0,0
46,487,0.0143737166324435,0.461504176346824,0.45929363449692,0.234263059576651,415,0.51129363449692,1,0.00707463325011573,2,1,72,0.00621617670039933,0.421982765361224,500,500,9,2,1,250,1,0.0555555555555556,0,0
47,482,0.0145228215767635,0.460956457361271,0.458730290456432,0.235573861981381,406,0.522821576763486,1,0.00754995235240047,2,1,76,0.00646310640182118,0.422368498549813,500,500,9,2,1,250,1,0.0555555555555556,0,0
48,484,0.0144628099173554,0.460420894235366,0.458640495867769,0.234769983595839,413,0.524793388429752,0,0.00788086362813876,2,1,71,0.00657940142913499,0.422193335946144,500,500,9,2,1,250,1,0.0555555555555556,0,0
49,492,0.0142276422764228,0.460245290501686,0.459463414634146,0.23190295477503,436,0.542682926829268,0,0.00816001869840202,2,1,56,0.00674683689750974,0.421482672567499,500,500,9,2,1,250,1,0.0555555555555556,0,0
50,495,0.0141414141414141,0.459995539230691,0.459519191919192,0.230949844991352,451,0.531313131313131,1,0.00832905138917686,2,1,44,0.00680399554316161,0.421241069377699,500,500,9,2,1,250,1,0.0555555555555556,0,0
51,496,0.0100806451612903,0.459969554825702,0.46108064516129,0.229025859251447,455,0.524193548387097,1,0.00832041819866743,2,1,41,0.00681753802063408,0.420893996770082,500,500,9,2,1,250,1,0.0555555555555556,0,0
52,496,0.00604838709677419,0.459703840400624,0.462024193548387,0.227794094200432,456,0.530241935483871,1,0.00853059114479503,2,1,40,0.00695235905611922,0.420700261447227,500,500,9,2,1,250,1,0.0555555555555556,0,0
53,498,0.00401606425702811,0.459759197432299,0.462497991967872,0.226869088658966,458,0.538152610441767,1,0.00846417547520922,2,1,40,0.00691314278382601,0.420482730726027,500,500,9,2,1,250,1,0.0555555555555556,0,0
54,494,0.00607287449392713,0.459748975560983,0.462425101214575,0.227866177899583,443,0.530364372469636,1,0.00856383030168811,2,1,51,0.00693762843980547,0.420773711836531,500,500,9,2,1,250,1,0.0555555555555556,0,0
55,488,0.00614754098360656,0.459458861025262,0.461602459016393,0.229907972453199,422,0.51844262295082,1,0.00890126781788139,2,1,66,0.0070999308231607,0.421306927836575,500,500,9,2,1,250,1,0.0555555555555556,0,0
56,484,0.0103305785123967,0.459353809507547,0.461223140495868,0.231167709588126,414,0.516528925619835,0,0.00914712760086146,2,1,70,0.00713755977146313,0.421641095199535,500,500,9,2,1,250,1,0.0555555555555556,0,0
57,484,0.0103305785123967,0.459334877228331,0.460285123966942,0.23214604428912,412,0.504132231404959,0,0.00932514429940995,2,1,71,0.0071924692250089,0.421801112191137,500,500,9,2,1,250,1,0.0555555555555556,0,0
58,489,0.0081799591002045,0.458946014779129,0.459550102249489,0.231438544505905,426,0.49079754601227,1,0.00955424617751376,2,1,62,0.00730477464095231,0.421543087974749,500,500,9,2,1,250,1,0.0555555555555556,0,0
59,494,0.0101214574898785,0.459275701126063,0.459720647773279,0.230369948515163,446,0.516194331983806,0,0.00948244235075109,2,1,48,0.00729192560724571,0.421201155040737,500,500,9,2,1,250,1,0.0555555555555556,0,0
60,495,0.0121212121212121,0.459358445056627,0.458937373737374,0.231047636606263,454,0.511111111111111,0,0.00958795613696449,2,1,41,0.00732719100172017,0.421278595824765,500,500,9,2,1,250,1,0.0555555555555556,0,0
61,494,0.01417004048583,0.459468590699733,0.458457489878543,0.231881157149397,456,0.504048582995951,0,0.00968333532613018,2,1,38,0.00731690062341533,0.421442962805514,500,500,9,2,1,250,1,0.0555555555555556,0,0
62,497,0.0120724346076459,0.459024756182973,0.458398390342052,0.230893649497272,452,0.492957746478873,0,0.0100509673849921,2,1,44,0.00750143812614667,0.421202317259791,500,500,9,2,1,250,1,0.0555555555555556,0,0
63,496,0.0141129032258065,0.459189503934703,0.458100806451613,0.231576978232899,447,0.502016129032258,0,0.0100714625977625,2,1,49,0.00753723739437869,0.421340289054